chunk_id,text,grade,subject,concept_id
C1,"CChhaapptteerr 22 Fractions Tamanna is a student of Grade 5. She has two chocolates of different 1 1 sizes. She says that of one of her chocolates is bigger than of the 3 2 other chocolate. Is that correct? Explain why this is so. 1 When can we say that of something 2 1 1 is greater than of something? Identify of 3 2 the chocolate 1 Identify of the chocolate 3 To compare two fractions of two wholes, the wholes from which the fractions are derived must be the same. Playing with a Grid A B C 1  Shade of Grid A in red. 8 1  Shade of Grid B in blue. 6 1  Shade of Grid C in yellow. 12 1  Do you see in any of the grids? Mark it. 3 Reprint 2026-27 CChhaapptteerr--22 FFrraaccttiioonn..iinndddd 1177 77//22//22002255 33::3300::3300 PPMM",4,Math,M406
C2,"1 2 Is equal to ? Let us find out. 3 6 Look at the picture and identify the fractions. Are there two different ways to write the fraction represented by the shaded part? ___________________ 1 2 Do you see that = ? Yes. These are called ‘equivalent fractions’. 3 6 Let us see how equivalent fractions can be generated. Fun with Fraction Kit Gurpreet is playing with his fraction kit (a kit is given at the end of the textbook). Do you remember how to make a whole with pieces of the same 1 size? How many pieces will you need to make a whole? 5 He makes a whole using two different fraction pieces. The whole looks like the following. 1 1 One piece of and two pieces of make a whole. 1 2 4 1 1 2 What is the relation between and ? Discuss 2 4 1 1 in class. 4 4 1 2 1 2 = ( is equivalent to ). 2 4 2 4 1 1 When a piece is broken into 2 equal parts, each part is a piece. 2 4 1 1 2 pieces of are equal to . 4 2 1 What else is equivalent to ? 2 1 2 ____ ____ ____ = = = = 2 4 18 Reprint 2026-27 CChhaapptteerr--22 FFrraaccttiioonn..iinndddd 1188 77//22//22002255 33::3300::3300 PPMM",4,Math,M406
C3,"Let Us Do 1. In groups of 3 or 4, find different ways of making a whole with different fraction pieces from your kit. Write the equivalent fractions for the following that you may find in the process. 1 1 (a) = = = (b) = = = 3 4 1 1 (c) = = = (d) = = = 5 6 Do you see how to generate equivalent fractions for any given fraction? Discuss in class. 2. Find the following using your kit. You can also shade and check by shading the following. The first one is partially done for you. 1 1 A. How many s make ? 6 3 1 The shaded part is . Identify 3 1 in the same whole and find 6 1 1 how many s fit into ? 6 3 1 B. How many s make 8 1 1 (a) ? (b) ? 4 2 1 C. How many s make 12 1 1 1 1 (a) (b) (c) (d) ? 2 3 4 6 19 Reprint 2026-27 CChhaapptteerr--22 FFrraaccttiioonn..iinndddd 1199 77//22//22002255 33::3300::3300 PPMM",4,Math,M407
C4,"3. Do as instructed using your fraction kit. 1 1  Make a whole using only and pieces. 6 12 1 1 1  Make a whole using , , and pieces. 12 4 2  Make a whole using any five pieces of the same size.  Make a whole using any seven pieces. Play in a group with this kit and find other interesting combinations to make a whole. Write or draw your findings. Making Equivalent Fractions Sameer has shaded one-third of the following figures. He draws horizontal lines to divide the shapes into more equal parts. 1 2 3 4 3 6 9 12 20 Reprint 2026-27 CChhaapptteerr--22 FFrraaccttiioonn..iinndddd 2200 77//22//22002255 33::3300::3300 PPMM",4,Math,M407
C5,"1 2 3 4 He observes an interesting pattern and says that , , , and show 3 6 9 12 the same shaded region. 2 3 4 1 , , and are all equivalent to . We use the word ‘equivalent’ to 6 9 12 3 indicate the same part of a whole, with different names. Divide the wholes given below into more equal parts and find fractions 1 equivalent to . Write them in the boxes below the images. 3 Do you see any pattern in all the equivalent fractions that you found? 1 2 3 4 ______ ______ ______ = = = = = = = = 3 6 9 12 24 36 How do you know when a fraction is equivalent to another? Discuss in class. 2 The below pictures show of a whole. Find the different fractions that are 5 2 equivalent to and write your fractions below each image. 5 2 4 4 4 5 10 36 36 2 4 _____ _____ = = = = = 5 10 50 100 21 Reprint 2026-27 CChhaapptteerr--22 FFrraaccttiioonn..iinndddd 2211 77//22//22002255 33::3300::3300 PPMM",4,Math,M409
C6,"Let Us Do 1. Fill in the blanks with equivalent fractions. There may be more than one answer. 1 _____ 2 _____ (a) = (b) = 7 3 3 _____ 3 _____ (c) = (d) = 4 5 2. Put a tick () against the fractions that are equivalent. 2 3 3 6 (a) and (b) and 3 4 5 10 4 2 6 1 (c) and (d) and 12 6 9 3 3. Fill in the boxes such that the fractions become equivalent. 2 3 (a) = (b) = 5 10 4 16 4 8 5 25 (c) = (d) = 7 9 Comparing Fractions — Same Denominator 1 Sevi and Shami divided a piece of chikki between themselves. Sevi ate 3 2 and Shami ate the rest, that is, . Who ate more? 3 1 2 pieces of are more than 3 1 1 piece of . So, Shami ate more. 3 2 1 > 3 3 22 Reprint 2026-27 CChhaapptteerr--22 FFrraaccttiioonn..iinndddd 2222 0044--0077--22002255 1111::4455::5588",4,Math,M408
C7,"Let Us Do 1. Compare the fractions given below using < and > signs. 1 3 7 3 (a) ______ (d) ______ 4 4 8 8 3 4 5 6 (b) ______ (e) ______ 5 5 10 10 5 2 2 1 (c) ______ (f) ______ 7 7 6 6 Comparing Fractions — Same Numerator 4 4 I ate paratha I ate paratha 5 6 yesterday evening. yesterday evening. Between Sevi and Shami, can you tell who ate more? Use your fraction kit to find the answer. Do the following pictures help you reason? Share your thoughts in the class. 5 1 6 1 1 1 piece is smaller than 51 6 5 1 1 4 4 1 5 1 6 piece. Therefore, 6 < 5 . 5 6 Let Us Do 1. Compare the following fractions using < and > signs. 3 3 4 4 (a) ______ (b) ______ 8 7 9 10 2 2 5 5 (c) ______ (d) ______ 7 5 7 6 6 6 7 7 (e) ______ (f) ______ 9 10 9 11 23 61 Reprint 2026-27 CChhaapptteerr--22 FFrraaccttiioonn..iinndddd 2233 77//22//22002255 33::3300::3311 PPMM",4,Math,M406
C8,Fractions Greater Than 1 Raman’s father makes nice soft parathas. He cuts the parathas either into halves (2 equal parts) or fourths (4 equal parts) before serving them. He asks his children (Raman and Radhika) each day to find out the number of parathas he made. 1 Maa took 5 pieces of paratha. How many parathas did she eat? 2 1 1 paratha 1 paratha paratha 2 1 + 1 + 1 + 1 + 1 We can also show the 2 2 2 2 2 same on a number line. Divide 1 1 5 pieces of 1 paratha = 5 parathas the distance between 0 and 1 in 2 2 1 1 two equal parts. Each part is . = 2 + parathas 2 2 2 halves make 1. Placing 5 halves 1 = 2 parathas next to each other takes 2 5 1 us to or 2 . 2 2 1 2 0 =1 2 2 1 2 3 4 5 0 =1 =2 2 2 2 2 2 24 Reprint 2026-27 CChhaapptteerr--22 FFrraaccttiioonn..iinndddd 2244 77//22//22002255 33::3300::3311 PPMM,4,Math,M408
C9,"1 Raman’s sister Radhika took 6 pieces of paratha. How many parathas 2 did she eat? 1 2 3 4 5 6 0 =1 =2 2 2 2 2 2 2 1 1 1 1 1 1 6 + + + + + = parathas = 3 parathas. 2 2 2 2 2 2 2 1 1 1 1 Dadiji had 7 pieces of paratha. How many parathas did she eat? 2 Find out. 1 1 Raman ate 6 pieces of paratha, Dadaji ate 7 pieces of paratha and 2 2 1 Baba ate 5 pieces of paratha. How many parathas did each of them eat? 2 Use the number line to find the answer. Quantity of Raman’s paratha 0 1 Quantity of Dadaji’s paratha 0 1 Quantity of Baba’s paratha 0 1 25 Reprint 2026-27 CChhaapptteerr--22 FFrraaccttiioonn..iinndddd 2255 77//22//22002255 33::3300::3311 PPMM",4,Math,M409
C10,"How many parathas were made on this day? Find out. 1 Another day, Raman’s father cut all the parathas in . Dadaji took 9 pieces 4 1 of paratha. How many parathas did he eat? 4 1 1 paratha 1 paratha paratha 4 1 1 1 1 1 1 1 1 1 9 + + + + + + + + = parathas = 4 4 4 4 4 4 4 4 4 4 1 1 1 2 + parathas 4 1 = 2 parathas 4 We can also show the same on a number line. Divide the distance between 0 and 1 into 1 four equal parts. Each part is . 4 4 one-fourths make 1. Placing 1 2 3 4 0 =1 4 4 4 4 9 one-fourths next to each other 9 1 takes us to or 2 . 4 4 1 2 3 4 5 6 7 8 9 0 =1 =2 4 4 4 4 4 4 4 4 4 26 Reprint 2026-27 CChhaapptteerr 22..iinndddd 2266 22//2244//22002266 44::1133::4400 PPMM",4,Math,M407
C11,"1 1 Raman ate 7 pieces of , Radhika ate 6 pieces of , Maa ate 8 pieces of 4 4 1 1 1 , Dadiji ate 10 pieces of , and Baba ate 12 pieces of paratha. Use a 4 4 4 number line to find out how many parathas were eaten by each of them. Quantity of Raman’s paratha 0 1 Quantity of Radhika’s paratha 0 1 Quantity of Maa’s paratha 0 1 Quantity of Dadiji’s paratha 0 1 Quantity of Baba’s paratha 0 1 How many parathas were made on this day? Find out. Raman’s family of 6 members ordered 2 pizzas and cut each pizza into 3 equal slices so that each family member had one slice. Dadiji and Dadaji gave their slices to Raman, Maa, and Baba gave theirs to Radhika. How much pizza do each of them have after this? 1 1 1 3 + + = = 1 3 3 3 3 Raman’s slice Raman’s total share Raman’s total share — whole pizza 1 2 3 0 =1 3 3 3 27 Reprint 2026-27 CChhaapptteerr--22 FFrraaccttiioonn..iinndddd 2277 77//22//22002255 33::3300::3322 PPMM",4,Math,M406
C12,"Raman could eat only 2 slices of pizza. So, he gave 1 to Radhika. How much pizza does Radhika have now? Radhika’s slice Radhika’s total share 1 1 1 1 4 1 1 + + + = = 1+ = 1 3 3 3 3 3 3 3 1 1 2 3 4 0 =1 3 3 3 3 Let Us Do 1. Use parathas and number lines to show the following fractions in your notebook. 2 5 3 5 4 9 (a) and (b) and (c) and 3 3 4 4 8 8 2. Circle the fractions that are greater than one (whole). How do you know? Discuss your reasoning in the class. 3 7 9 9 9 7 9 4 4 4 11 2 9 5 5 7 7 5 3 4 2 13 12 12 3 11 5 8 28 Reprint 2026-27 CChhaapptteerr--22 FFrraaccttiioonn..iinndddd 2288 77//22//22002255 33::3300::3322 PPMM",4,Math,M408
C13,"Comparing Fractions With Reference to 1 (a whole) Let us compare some more fractions. Between Sevi and Shami can you tell who ate less? 8 I ate paratha 7 I ate paratha 6 8 yesterday evening. yesterday evening. 6 6 6 1 6 1 6 7 8 is less than 1 and is 1 1 1 8 6 7 8 more than 1. So, < . 1 1 8 6 6 6 1 6 Let Us Do 1. Compare the following fractions using 1 as a reference. Share your reasoning in the class. 8 9 13 17 7 8 (a) ______ (b) ______ (c) ______ 7 15 20 15 6 8 6 19 12 4 15 16 (d) ______ (e) ______ (f) ______ 6 12 9 5 5 4 1 Comparing Fractions with Reference to 2 8 6 1 1 8 1 16 1 1 8 1 8 6 4 1 3 1 = = 8 2 6 2 29 Reprint 2026-27 CChhaapptteerr 22..iinndddd 2299 22//2244//22002266 44::1155::0066 PPMM",4,Math,M406
C14,"Let Us Do 1 1. Circle the fractions below that are equal to . 2 2 5 8 7 4 5 10 16 3 7 14 5 6 6 10 5 12 8 20 9 2. Some fractions are written in the box below. Circle the fractions that are less than half. How do you know? Discuss your reasoning in the class. 2 11 12 3 3 4 8 12 15 15 9 15 1 7 6 4 11 15 3 11 18 8 16 31 1 Now let us compare fractions using . 2 I ate 5 paratha I ate 3 paratha 8 6 yesterday evening yesterday evening Who do you think ate more paratha? 8 6 1 1 8 3 5 1 is half. But 6 8 1 6 1 is more than . 1 2 8 1 1 1 So, 5 > 3 . 6 8 6 8 8 30 Reprint 2026-27 CChhaapptteerr--22 FFrraaccttiioonn..iinndddd 3300 77//22//22002255 33::3300::3333 PPMM",4,Math,M406
C15,"3. Compare the following fractions. Where possible, compare the fractions 1 with . 2 2 4 11 7 5 3 6 4 and and and and 9 7 14 20 7 9 7 10 9 3 7 3 1 5 3 4 and and and and 17 15 12 11 3 9 9 7 Try This 2. Some fractions are written in the box below. Circle the fractions that are 1 less than half. How do you know? Discuss your reasoning in the class. If the length of an ant is cm — then what is the total length of 16 such 4 ants walking in a line? Use the number line given below. 0 1 cm 4 Fun with Relations If the only brother of your father’s sister had a child, what would be the child’s relationship with you? 31 Reprint 2026-27 CChhaapptteerr 22..iinndddd 3311 0033--0033--22002266 1166::5544::4444",4,Math,M408
C16,"Chapter SShhaappeess AArroouunndd UUss 1 Diksha wanted to go to a big city during her summer holidays. Her father took her to Delhi and they visited many old and new interesting monuments like the India Gate, Qutub Minar, Safdarjung Tomb, Akshardham, the National Museum, Jantar Mantar and Sansad Bhawan. Now she is trying to make a model of India Gate using her wooden blocks. Try to make a model of the buildings shown here using blocks. 1. What parts of the building have you shown in your model (for example, roof, pillars, base, etc.)? 2. Why did you select these parts? 3. What shapes will model these parts well?______________ 4. How is your model similar to the picture of the real building? __________________ 5. How is it different from the real building? ______________ Discussion: What would happen if you removed one piece of your model? • Would the model still look like the original building? • In what ways could you make the model even better? Reprint 2026-27 CChhaapptteerr 11..iinndddd 11 33//2266//22002255 33::4400::3344 PPMM",3,Math,M309
C17,"Project Work Encourage learners to observe a street carefully and make a model showing the main buildings on the street. I have made something. Look at my Qutub Minar. Do you think it looks like the Qutub Minar?................... What shape would you use if you made a model of the Qutub Minar? Why?...............……………………………. How many such shapes will you use? ............................ Do you know: The Qutub Minar is a World Heritage site and the tallest building made up of bricks. It has 5 storeys and 379 stairs. Earlier, people made buildings with clay bricks, stone blocks or wood. Today we also use concrete blocks, hollow blocks, etc. What is common to all of these bricks? ……….. Note for Teachers: Ask learners to collect different boxes, bottles, cans, coconut shells, etc., to model the given buildings. 2 Reprint 2026-27 CChhaapptteerr 11..iinndddd 22 22//1111//22002266 44::4488::3388 PPMM",3,Math,M309
C18,"Craft 1. Make a sphere-like shape with paper strips. Diksha has folded open and flattened a box to see what an open box looks like. This is called the net of the box. If you fold along the dotted lines, you will get the box back. 2. Use the nets given at the end of the book to Net of a box make the models shown below. Prisms Pyramids Triangular Triangular Prism Pyramid Pentagonal Pyramid Square Pyramid Hexagonal Square Prism Prism What shape of face is common to What shape of face is common to all the prisms? _________________ all the pyramids? _______________ What other shapes do these All the triangular faces meet at prisms have? _________________ _________________ point. How many such faces each? Identify any other shape in each _________________ of the pyramids _________________ Is a cube also a prism? What is the difference between a prism and a pyramid? Discuss. 3 Reprint 2026-27 CChhaapptteerr 11..iinndddd 33 33//2266//22002255 33::4400::3377 PPMM",3,Math,M309
C19,"3. Now try to make the above shapes using straws and plasticine/ thread and fill in the table. Number of Number of Number of Shapes faces (F) corners (V) edges (E) Cube/Square Prism Cuboid/Rectangular Prism Triangular Pyramid Square Pyramid Triangular Prism Identify any relationship that you may find between the number of faces (F), edges (E), and corners (V). Calculate F+V–E in each case. What do you notice? Sort 3D shapes by the number of flat faces. Write their names here. Number of 1 flat 2 flat 4 flat 5 flat 6 flat 8 flat faces face faces faces faces faces faces Name of the shape Can you construct a 3D shape with 3 flat faces? Now sort 3D shapes by the number of straight edges. Write their names here. Number of 6 straight 8 straight 9 straight edges 12 straight edges edges edges edges Name of the shape 4 Reprint 2026-27 CChhaapptteerr 11..iinndddd 44 0033--0044--22002255 44..2222..5533 PPMM",3,Math,M310
C20,Let Us Observe 1. Take a die. Look at the face that has number 1. The face numbered 6 is opposite to the face numbered 1. What is the face opposite to the a) face numbered 2? …..… b) face numbered 3? …….. c) face numbered 4? …….. 2. a) Which faces have common edges with the face numbered 1? ............................ b) Which face has no common edge with the face numbered 1? ........................... 3. Look at three different views of the same cube. a) What colour is the face that is opposite to the red face? …………................ b) What colour is the face that is opposite to the yellow face? .......................………….. Follow these instructions for the shapes along the border. 1. Colour all shapes with a rectangular face in red. 2. Draw a smiley on shapes with a triangular face. 3. Draw a star on shapes with a curved face. 4. Colour all shapes with no corner in blue. 5. Circle the shapes that have the same opposite faces. 5 Reprint 2026-27 CChhaapptteerr 11..iinndddd 55 33//2266//22002255 33::4400::3399 PPMM,3,Math,M310
C21,Sorting 3D Shapes Write the names of 3D shapes in the correct places. (1) All faces look All faces the same do not look the same A B (2) Shapes with Shapes with straight curved edges edges A B (3) Shapes with Shapes with triangular rectangular faces faces A B Shapes with both rectangular and triangular faces 6 Reprint 2026-27 CChhaapptteerr 11..iinndddd 66 33//2266//22002255 33::4400::3399 PPMM,3,Math,M309
C22,"In which circle did you write triangular prism and rectangular pyramid? Let us sort shapes in another way. Using circles like those on the previous page, can you sort shapes into the categories “Shapes with curved faces” and “Shapes with flat faces”? Build with Cubes Build these models with the cubes from the Jaadui Pitara Kit or any other similar material. A. B. C. D. Cube Towers How many cubes are there in each of these cube towers? Note for Teachers: Use the available wooden, paper, and straw models. Discuss adjacent and opposite faces. Discuss shapes that fall into two sets. Let them make Venn diagrams (using circles like above) and write the names of these shapes. 7 Reprint 2026-27 CChhaapptteerr 11..iinndddd 77 33//2266//22002255 33::4400::4400 PPMM",3,Math,M309
C23,"Drawing Cubes on a Triangular Dot Paper Can you complete the following cubes? 1. Match the pictures to the descriptions and name the shapes. a) I have 5 faces and 5 corners. I have 8 edges. 1 of my faces is a square and 4 of my faces are triangles..…………. b) I have 1 flat face, 1 curved face, and 1 edge.…………. c) I have 1 curved face. I have no edges or corners.……. d) I have 2 flat faces, 1 curved face, and 2 edges. I have no corners.…………. e) I have 5 faces, 6 corners, and 9 edges, and 2 of my faces are triangles.…………. f) I have 6 faces, 12 edges, and 8 corners.…………. 2. Each one is different. How? Discuss. 8 Reprint 2026-27 CChhaapptteerr 11..iinndddd 88 33//2266//22002255 33::4400::4411 PPMM",3,Math,M310
C24,3. Match the following nets to the appropriate solids given below. (1) (2) (3) (4) (a) (b) (c) (d) 4. Which of these nets can be folded to make a solid of the kind given below? A. B. C. D. 5. Nitesh cuts up a net on the folds. Here are its pieces. Which solid has the above pieces in its net? a. b. c. d. 9 Reprint 2026-27 CChhaapptteerr 11..iinndddd 99 33//2266//22002255 33::4400::4444 PPMM,3,Math,M309
C25,WWhheenn LLiinneess MMeeeett Isha made different corners with straws. We can say that the two straws are like two lines that meet at a point. When two lines meet they create an angle. We see many angles in yoga postures. There are 7 angles in this house How many angles are there in this drawing. boat drawing? Let Us Do 1. Mark the angles in the following pictures. a) b) c) e) d) 10 Reprint 2026-27 CChhaapptteerr 11..iinndddd 1100 0033--0044--22002255 44..2233..2288 PPMM,4,Math,M411
C26,"2. Where do you see angles in the classroom? Give a few examples. ____________________________________________________________________ ____________________________________________________________________ ____________________________________________________________________ RRiigghhtt AAnngglleess Let’s make a right angle with a piece of paper as shown. Identify the angles that you think are right angles and circle them in the dot grid given below. Check using your right angle checker. Check for right angles in a book, window, and any other object. Write the names of objects where you find right angles. ____________________________________________________________________ ____________________________________________________________________ ____________________________________________________________________ 11 Reprint 2026-27 CChhaapptteerr 11..iinndddd 1111 33//2266//22002255 33::4400::4488 PPMM",4,Math,M411
C27,Let Us Do 1. Draw some right angles on the dot grid. AAccuuttee aanndd OObbttuussee AAnngglleess Acute angles are less than a right Obtuse angles are more than a angle. right angle. Name some objects from your classroom which have an acute angle. ________________________________________________________. Name some objects from your classroom which have an obtuse angle. ________________________________________________________. Identify all angles in the following letters. 12 Reprint 2026-27 CChhaapptteerr 11..iinndddd 1122 33//2266//22002255 33::4400::4488 PPMM,4,Math,M411
C28,"Let Us Do 1. Draw some acute angles on the Draw some obtuse angles on top grid. Draw a line to make the top grid. Draw a line to an acute angle using each given make an obtuse angle using line in the bottom grid. each given line in the bottom grid. 2. In the figures given below, mark the acute angles in red, right angles in green, and obtuse angles in blue. 13 Reprint 2026-27 CChhaapptteerr 11..iinndddd 1133 33//2266//22002255 33::4400::4488 PPMM",4,Math,M411
C29,"Shapes with Straws Make a triangle with straws of different sizes and clay/ plasticine. Does the shape of the triangle change if we gently push one of its sides? Yes/No Trace the triangles you made with the straws in your notebook. What kinds of angles does a triangle have? Make a rectangular shape with straws and clay. What kinds of angles do you see in the rectangle?.................. Does the shape of the rectangle change if we gently push one of its sides? Yes/No What has happened to the angles of the new shape? Are they still right angles? What types of angles have been formed? Similarly, push one side of a square. Are they still right angles? What types of angles have been formed? How are the angles of triangles and rectangles similar or different? Note for Teachers: Help children to understand the rigidity of different shapes. The triangle is the most rigid shape, as it does not change its shape when pushed. 14 Reprint 2026-27 CChhaapptteerr 11..iinndddd 1144 22//1111//22002266 44::4499::2222 PPMM",4,Math,M411
C30,"Use the dot grid given below to draw several three- and four-sided shapes. Circle the shapes that have one or more right angles. Discuss: What shapes did you make? How many shapes have you made with a) 1 right angle b) 2 right angles c) 3 right angles d) all right angles Here are some 4-sided shapes. In what ways are rectangle and square different from these shapes? Note for Teachers: Discuss similarities and differences between a square and a rectangle. Provide experiences to observe squares as a special case of rectangles. Teachers can also provide more dot grids, if required. 15 Reprint 2026-27 CChhaapptteerr 11..iinndddd 1155 33//2266//22002255 33::4400::5500 PPMM",4,Math,M411
C31,Try to make this 5-sided shape with all sides equal (Pentagon) Are these right angles? Does the shape of the pentagon change if we gently push one of its sides. Yes/No How does this change the angles? Can you make a circle using straws? Look at the picture. The lengths of the straws in this picture are ……………. (Equal/Unequal) What will happen if we take straws of unequal lengths? Let Us Make Can you use a scale to draw a circular shape? Let us see. Mark a point A. Draw many points that are at an A equal distance from point A. Connect the dots freehand. What do you get? ................ The point A is the centre and the line from the centre to the border of the circle is the radius. 16 Reprint 2026-27 CChhaapptteerr 11..iinndddd 1166 33//2266//22002255 33::4400::5522 PPMM,4,Math,M411
C32,"Amazing Circles a) Take a piece of circular paper. b) Fold your paper in half and crease it well. c) Open the fold and measure the length of the crease using a thread. d) Fold your paper in half in a different way and crease it well. e) Open the fold and measure the length of the crease again. f) Fold it again in half in a different way and crease it well. g) Open the fold, measure the length of the crease. 1. The length of all the creases are ___________. (Equal/Unequal) 2. These creases are called diameters of the circle. 3. Discuss where the centre is. Do you notice that all the diameters pass through the centre? 4. Measure the length of the creases from the center to the border of the circle. This is called the radius of the circle. 5. Discuss if there is any relationship between the radius and the diameter of a circle. Note for Teachers: Children can measure the length using a paper strip or thread or scale. 17 Reprint 2026-27 CChhaapptteerr 11..iinndddd 1177 33//2266//22002255 33::4400::5533 PPMM",3,Math,M309
C33,"Diameter Let Us Do Fold the circular paper in half. Fold this half again in half. Radius The length of the diameter is ___________ (half/double) of the length of radius. A circle can be made easily using a compass. Ask your teacher to help you use a compass. Make the following design. Step. 1 Step. 2 Step. 3 Look at the carpet design. A beautiful circle, right? Mark the centre, radius, and the diameter of the circular design with any colour of your choice. Note for Teachers: Help children to draw circles using a compass. Encourage learners to draw different-sized circles. 18 Reprint 2026-27 CChhaapptteerr 11..iinndddd 1188 33//2266//22002255 33::4400::5555 PPMM",3,Math,M309
C34,Look at the wheels. All wheels look like …………… A Name the wheel with the B 1. longest radius ……................ 2. shortest radius ……................ 3. longest diameter ……................ 4. shortest diameter ……................ C D Puzzling Shapes 1. Identify the hidden shapes and write their names. 2. Draw 2 lines to divide the triangle into 1 square and 2 triangles. 3. Draw 2 lines to divide the square into 3 triangles. 19 Reprint 2026-27 CChhaapptteerr 11..iinndddd 1199 33//2266//22002255 33::4400::5555 PPMM,3,Math,M309
C35,4. Draw lines to show the cuts needed on the shapes in the left column to get the smaller shapes on the right. (A) (B) (C) Card Game Sort the 2D-shape cards given at the end of the book into three groups according to their sides. Draw the sorted shapes in the space given below. Explain why you sorted your shapes in this way. Group 1 Group 2 Group 3 20 Reprint 2026-27 CChhaapptteerr 11..iinndddd 2200 33//2266//22002255 33::4400::5555 PPMM,3,Math,M310
C36,"Let Us Try 1. Squiggly spiders Squiggly, the spider, likes to make webs in different shapes. One day she begins to make triangular webs. How many triangles are in her web? She likes to take a walk each morning and check if the walls of her web are strong. Can she begin at point A and reach back to the same point without walking on any wall more than once? Trace and show Squiggly’s path. A Her brother, Wiggly made a web using A rectangles. How many rectangles can you see in his web? He likes to take a walk at the end of each day and check if the walls of his web are strong. Can he begin at point A and leave from point B without walking on any wall more than once? Trace and show Wiggly’s path. B 2. Use 5 matchsticks to make 2 triangles. Then draw it in the space provided. 21 Reprint 2026-27 CChhaapptteerr 11..iinndddd 2211 33//2266//22002255 33::4400::5566 PPMM",3,Math,M310
C37,3. Move two of these matchsticks to form 4 triangles. 4. Remove 4 of these matchsticks to leave only 3 triangles. 5. Model challenge. Can you make a model of solid shapes which has a) 12 straws and 8 clay balls? b) 9 straws and 6 clay balls? c) 15 straws and 10 clay balls? d) 10 straws and 6 clay balls? 6. Classify these shapes based on the number of angles. a b c d e f g 3 angles 4 angles 5 angles What relation do you notice between the number of sides and the number of angles? 22 Reprint 2026-27 CChhaapptteerr 11..iinndddd 2222 33//2266//22002255 33::4400::5566 PPMM,3,Math,M310
C38,"7. Draw a 2D shape that has Draw a 2D shape with more than less than 5 angles. 5 angles. 8. Mark the right angles and write the number of right angles in each figure. Which of the above shapes have only right angles? 9. Observe the following shapes. Identify the shape that has: ● 2 right angles, 1 acute, and 1 obtuse angle . ● 1 right, 2 obtuse, and 1 acute angle . ● 2 obtuse, and 2 acute angles . ● 4 right angles . 23 Reprint 2026-27 CChhaapptteerr 11..iinndddd 2233 33//2266//22002255 33::4400::5577 PPMM",4,Math,M411
C39,Chapter TTiicckkiinngg CClloocckkss aanndd 12 TTuurrnniinngg CCaalleennddaarr Parv is celebrating his birthday with his friends. Let us join them. I was born on 29 February 2016. Years having the date 29 February are called leap years. Such years have one additional day in the year and occur every four years. Let Us Do 1. Notice the number of days in February in the years 2024 and 2025. FEB 2024 FEB 2025 Sun Mon Tue Wed Thu Fri Sat Sun Mon Tue Wed Thu Fri Sat 1 2 3 1 4 5 6 7 8 9 10 2 3 4 5 6 7 8 11 12 13 14 15 16 17 9 10 11 12 13 14 15 18 19 20 21 22 23 24 16 17 18 19 20 21 22 25 26 27 28 29 23 24 25 26 27 28 Number of days in Feb 2024 = _____________ Number of days in Feb 2025 = _____________ Reprint 2026-27 CChhaapptteerr 1122..iinndddd 117755 1122--MMaarr--2266 33::0077::3355 PPMM,4,Math,M414
C40,"2. Fill in the blanks with consecutive leap years before and after 2024. ________, ________, 2024, ________, ________, ________ 3. We know that most years have 365 days. How many days would a leap year have? 4. Write the names of the months when you celebrate your favourite festivals. Name of the Festival Name of the Month 5. Answer the following questions by writing the appropriate days of the week: a) Today: _______________ b) Yesterday: _______________ c) Tomorrow: _______________ d) Day after tomorrow: _______________ e) Day before yesterday: ________________ 6. July 1 is a Monday. Write the dates for the next two Mondays. ___________________________________________ 7. Laali is born on 04/07/2014 and Chotu is Do You Know? born on 04/12/2019. Who is older among the 04/07/2024 is a date in two and how much? DD/MM/YYYY format. And this is read as Laali will turn 5 years old on ______________. 4th of July 2024 or July 4, 2024. Chotu’s 10th birthday will be celebrated on ________________. 176 Reprint 2026-27 CChhaapptteerr 1122..iinndddd 117766 33//2266//22002255 44::1166::5522 PPMM",4,Math,M414
C41,"8. Check the manufacturing and expiry dates on the wrapper of any biscuit packet. a) How old is the packet of biscuits? Answer: ____ months ____ days. b) How many more days are the biscuits safe to eat? Answer: ____ months ____ days. 9. Notice the day on which July 15 falls in your calendar. Now find out what day is August 15? September 15? October 15? What pattern do you notice? Share in grade. Now choose a date and look up the day on which it falls. Challenge your friends to guess what day will the same date fall in the following month. Let Us Explore With the help of your parents and teachers, explore the names of the months in the Hindu/Islamic/Sikh or any other calendar of your community. 1. Find out when the year begins in each of these calendars. 2. Check how the names of the months in these calenders correspond to the months in the English calendar. 3. Identify the months from the Hindu/Islamic/Sikh or any other calendar in which some of the important festivals of the community fall. 4. Identify the dates of the new moon and full moon in your community’s calendar every month. Do you notice any pattern? 5. How are the full moon or new moon days named in your community’s calendar? Note for Teacher: Students may be asked to collect wrappers of different items and make a table of expiry periods for them. 177 Reprint 2026-27 CChhaapptteerr 1122..iinndddd 117777 33//2266//22002255 44::1166::5522 PPMM",4,Math,M414
C42,"HHooww mmaannyy hhoouurrss iinn aa ddaayy?? Look at the picture below. It shows the time spent on different activities by a doctor. Write the number of hours spent on each activity in the space provided. Then, find the total number of hours between 6 o’clock morning to 6 o’clock evening and 6 o’clock morning of the next day. Wakes up 6 o’clock morning Leaves for ......Hrs hospital 5:00 6:00 7:00 ......Hrs Reaches 8:00 hospital 4:00 Cooks and gets ready 9:00 3:00 to go to ......Hrs Hospital 10:00 2:00 ......Hrs 11:00 1:00 Sleeps Stays at 12 12 o’clock 12:00 Hospital 12:00 o’clock midnight noon 11:00 1:00 Dinner e m ......Hrs 10:00 9:00 a T n V d S p e n di w n g it h ti c hil d r e n C o o ki n g g n it s e R e m it 3:00 2:00 8:00 4:00 7:00 5:00 ......Hrs 6:00 Leaves for home ......Hrs ......Hrs .....Hrs Reaches 6 o’clock evening home The total number of hours is ________ . Note for Teachers: Help the children count the duration of the activities in the picture given above and find the total number of hours in a day. 178 Reprint 2026-27 CChhaapptteerr 1122..iinndddd 117788 33//2266//22002255 44::1166::5533 PPMM",4,Math,M414
C43,In both the pictures we see 8:00 on the clock. But one is morning and the other is night time. We add AM and PM to show this difference. 8:00 AM 8:00 PM Digital clocks help us read the time more clearly. 08:00 20:00 Read the following table and see how we read and write time using AM/PM and the digital clock. Discuss what you notice about the two different ways. Note for Teacher: Help children understand the difference between AM and PM and how it eases communication about time among people. You may seek children’s routine experiences and associate them with AM and PM. You may draw their attention to the 24-hour clock and how it shows time and make children practice reading and writing it. 179 Reprint 2026-27 CChhaapptteerr 1122..iinndddd 117799 33//2266//22002255 44::1166::5544 PPMM,3,Math,M315
C44,Fill in the blanks by writing time in the appropriate format. Time in AM/PM Time in the digital clock 0o:00 12:00 AM 00:00 hours 1:00 AM 1:00 hours 3:00 AM 3:00 hours 7:15 AM 7:15 hours 9:45 AM ______ hours ______ 11:20 hours 12:00 PM 12:00 hours 1:00 PM 13:00 hours 3:00 PM ______ hours 5:20 PM ______ hours ______ 20:00 hours 11:45 PM 23:45 hours 180 Reprint 2026-27 CChhaapptteerr 1122..iinndddd 118800 33//2266//22002255 44::1166::5544 PPMM,3,Math,M315
C45,HHoouurrss aanndd mmiinnuutteess Raghav brings milk from the market every morning. 8:20 8:35 Raghav leaves home at 8:20 AM and returns back at 8:35 AM. How much time has he taken? ________ Let Us Do 1. Show the appropriate times on the clock as per instructions. a) Raghav started doing his homework at 10:20 AM. He took 25 minutes to finish it. Show the time that he finished his homework. Time after 25 minutes b) Muneera starts reading a story at 4:15 PM. She finishes reading it in 45 minutes. Show the time that she finished reading the story. Time after 45 minutes 181 Reprint 2026-27 CChhaapptteerr 1122..iinndddd 118811 33//2266//22002255 44::1166::5555 PPMM,4,Math,M414
C46,"c) Akira leaves for school at 8:00 AM. She reaches school in 15 minutes. me after 15 minutes me after 15 minutes me after 20 minutes me after 10 minutes Ti Ti Ti Ti Finishes Dance Starts for Reaches Break ends at school practice ends school at school at ______AM assembly at 8:00 AM ______AM ______AM ______AM Akira has spent one hour No, she has spent 60 minutes. from 8:00 AM to 9:00 AM. Who do you think is correct? Is there any relation between 1 hour and 60 minutes? Observe the shaded portions Quarter or Three Quarters or One hour Half hour = 1 3 (1 hour) = ____ minutes of an hour= of an hour= ____ 4 4 60 minutes 15 minutes minutes 182 Reprint 2026-27 CChhaapptteerr 1122..iinndddd 118822 33//2266//22002255 44::1166::5555 PPMM",3,Math,M315
C47,"Find out how much time you take to a) boil milk b) fill water from tap in a bucket What activities can you do in 5 minutes? Let Us Check Three friends read time from a clock. Who is right? Discuss the error and explain how one reads the clock correctly. Raghu Raghav Rani 12:04 12:20 04:00 07:07 07:25 05:35 03:07 03:35 07:15 Note for Teachers: Help children figure out the connection between a half hour, a quarter hour, 30 min and 15 min. 183 Reprint 2026-27 CChhaapptteerr 1122..iinndddd 118833 33//2266//22002255 44::1166::5555 PPMM",4,Math,M414
C48,"      • A fraction is a number representing a part of a whole. This whole may be a single object or a group of objects. • A fraction whose numerator is less than the denominator is called a proper fraction, otherwise it is called an improper fraction. 5 4 1 3 ,8 ,2 • Numbers of the type etc. are called mixed fractions 7 9 5 (numbers). • An improper fraction can be converted into a mixed fraction and vice versa. • Fractions equivalent to a given fraction can be obtained by multiplying or dividing its numerator and denominator by a non- zero number. • A fraction in which there is no common factor, except 1, in its numerator and denominator is called a fraction in the simplest or lowest form. • Fractions with same denominators are called like fractions and if the denominators are different, then they are called unlike fractions. • Fractions can be compared by converting them into like fractions and then arranging them in ascending or descending order. • Addition (or subtraction) of like fractions can be done by adding (or subtracting) their numerators. 11.4.2018",4,Math,M408
C49,"UNIT-4 • Addition (or subtraction) of unlike fractions can be done by converting them into like fractions. • Fractions with denominators 10,100, etc. can be written in a form, using a decimal point, called decimal numbers or decimals. • Place value of the place immediately after the decimal point (i.e. 1 1 tenth place) is , that of next place (i.e. hundredths place) is 10 100 and so on. • Fractions can be converted into decimals by writing them in the form with denominators 10,100, and so on. Similarly, decimals can be converted into fractions by removing their decimal points and writing 10,100, etc in the denominators, depending upon the number of decimal places in the decimals. • Decimal numbers can be compared using the idea of place value and then can be arranged in ascending or descending order. • Decimals can be added (or subtracted) by writing them with equal number of decimal places. • Many daily life problems can be solved by converting different units of measurements such as money, length, weight, etc. in the decimal form and then adding (or subtracting) them. (B) Solved Examples In examples 1 and 2, write the correct answer from the given four options: Example 1. Which of the following fractions is the smallest? 11 11 11 11 (A) (B) (C) (D) 9 7 10 6 Solution: Answer is (C) Example 2: 0.7625 lies between (A) 0.7 and 0.76 (B) 0.77 and 0.78 (C) 0.76 and 0.761 (D) 0.76 and 0.763 Solution: Answer is (D) 54 EXEMPLAR PROBLEMS 11.4.2018",5,Math,M508
C50,"MATHEMATICS Example 3: Fill in the blanks so that the statement is true: Decimal 8.125 is equal to the fraction ________. 65 1 8125 8 Solution: or (because 8.125 = ) 8 8 1000 Example 4: Fill in the blanks so that the statement is true: 6.45 – 3.78 = _________. Solution: 2.67 Example 5: State true or false: 2 14 The fraction is equal to 14.2. 5 2 14 Solution: False [Hint: = 14.2] 10 Example 6: Fill in the blanks using > or < : 8 16 – 45 89 8 8×2 16 = = Solution: 45 45×2 90 16 16 8 16 < < Now, , so, 90 89 45 89 Another method: 8 × 89 = 712 and 16 × 45 =720 8 16 < As 712 < 720, therefore 45 89 12 Example 7: Express as a decimal. 25 12 12×4 = Solution: 25 25×4 48 = = 0.48 100 Example 8: Convert 5809g to kg. 5809 Solution: Since 1000g = 1kg, therefore, 5809g = kg 1000 = 5.809kg. FRACTIONS AND DECIMALS 55 11.4.2018",5,Math,M508
C51," Example 9: Round off 87.952 to tenths place. Solution: For rounding off to tenths place, we look at the hundredths place. Here the digit is 5. So, the digit at the tenths place (9) will be increased by 1 (i.e., it will become 9 + 1) Hence, rounding off 87.952 to tenths place, we get 88.0 (Note: Do not write it as 88.) 3 5 5 Example 10: Add the fractions and 8 16 3 5 43 5 5 + + Solution: = 8 16 8 16 43×2 5 86 5 = + + 8×2 16 = 16 16 86+5 91 11 = = = 5 16 16 16 Example 11: What should be added to 37.28 to obtain 46.8? Solution: Here, we want to fill in the box in 37.28 + = 46.8. For this, We will have to find 46.8 – 37.28. We perform this operation as follows by writing the two numbers having equal number of decimal places: (Since 46.8 = 46.80) 46.80 – 37.28 Hence, the required number to be added 9.52 to 37.28 is 9.52. Example 12: Arrange the following in ascending order. 2.2, 2.023, 2.0226, 22.1, 20.42 Solution: We have to arrange them from the smallest to the greatest number. We arrange them as follows (using the idea of place value and comparing their digits at different places); 2.0226, 2.023, 2.2, 20.42, 22.1 (Note: Using the < sign, these numbers can also be written as 2.0226 < 2.023 < 2.2 < 20.42 < 22.1.)   11.4.2018",5,Math,M508
C52,"MATHEMATICS Example 13: Gorang purchased 2kg 280g apples, 3kg 375g bananas, 225g grapes and 5kg 385g oranges. Find the total weight of the fruits purchased by Gorang in kg. Solution: Weight of apples = 2kg 280g = 2280g (Since 1kg = 1000g) Weight of bananas = 3kg 375g = 3375g Weight of grapes = 225g Weight of oranges = 5kg 385g = 5385g Total weight = 2280g + 3375g + 225g + 5385g 2280g + 3375g + 225g + 5385g 11265 11265g Thus, total weight = 11265g = kg 1000 = 11.265kg i.e. 11kg 265g Example 14: What is wrong in the following? 7 5 7 + 5 12 + = = = 2 4 2 4 + 2 6 7 5 7 +5 + = Solution: Writing 4 2 4 + 2 is wrong. It should be as follows: 7 5 7 10 + = + (Converting into like fractions) 4 2 4 4 7 +10 17 = (Only numerators are added) 4 4 (C) Exercise In questions 1 to 20, out of the four options, only one answer is correct. Choose the correct answer. 4 1. The fraction which is not equal to is 5 40 12 16 9 (A) (B) (C) (D) 50 15 20 15 FRACTIONS AND DECIMALS 57 11.4.2018",4,Math,M408
C53,"UNIT-4 5 2. The two consecutive integers between which the fraction lies are 7 (A) 5 and 6 (B) 0 and 1 (C) 5 and 7 (D) 6 and 7 1 3. When is written with denominator as 12, its numerator is 4 (A) 3 (B) 8 (C) 24 (D) 12 4. Which of the following is not in the lowest form? 7 15 13 27 (A) (B) (C) (D) 5 20 33 28 5 20 = 5. If , then value of p is 8 p (A) 23 (B) 2 (C) 32 (D) 16 6. Which of the following is not equal to the others? 6 12 15 18 (A) (B) (C) (D) 8 16 25 24 7. Which of the following fractions is the greatest? 5 5 5 5 (A) (B) (C) (D) 7 6 9 8 8. Which of the following fractions is the smallest? 7 9 3 5 (A) (B) (C) (D) 8 8 8 8 4 15 9. Sum of and is 17 17 19 11 19 2 (A) (B) (C) (D) 17 17 34 17 5 19 10. On subtracting from , the result is 9 9 24 14 14 14 (A) (B) (C) (D) 9 9 18 0 11. 0.7499 lies between (A) 0.7 and 0.74 (B) 0.75 and 0.79 (C) 0.749 and 0.75 (D) 0.74992 and 0.75 58 EXEMPLAR PROBLEMS 11.4.2018",4,Math,M408
C54,"MATHEMATICS 12. 0. 023 lies between (A) 0.2 and 0.3 (B) 0.02 and 0.03 (C) 0.03 and 0.029 (D) 0.026 and 0.024 11 13. can be expressed in the form 7 1 1 4 1 7 4 1 11 (A) (B) (C) (D) 4 7 7 7 4 5 14. The mixed fraction can be expressed as 7 33 39 33 39 (A) (B) (C) (D) 7 7 4 4 15. 0.07 + 0.008 is equal to (A) 0.15 (B) 0.015 (C) 0.078 (D) 0.78 16. Which of the following decimals is the greatest? (A) 0.182 (B) 0.0925 (C) 0.29 (D) 0.038 17. Which of the following decimals is the smallest? (A) 0.27 (B) 1.5 (C) 0.082 (D) 0.103 18. 13.572 correct to the tenths place is (A) 10 (B) 13.57 (C) 14.5 (D) 13.6 19. 15.8 – 6.73 is equal to (A) 8.07 (B) 9.07 (C) 9.13 (D) 9.25 20. The decimal 0.238 is equal to the fraction 119 238 119 119 (A) (B) (C) (D) 500 25 25 50 In questions 21 to 44, fill in the blanks to make the statements true: 21. A number representing a part of a _________ is called a fraction. 22. A fraction with denominator greater than the numerator is called a _________ fraction. 23. Fractions with the same denominator are called _________ fractions. 5 13 24. is a _________ fraction. 18 FRACTIONS AND DECIMALS 59 11.4.2018",4,Math,M408
C55,"UNIT-4 18 7 25. is an ______ fraction. 26. is a ______ fraction. 5 19 5 3 27. and are ______ proper fractions. 8 8 6 6 28. and are ______ proper fractions. 11 13 6 29. The fraction in simplest form is ______. 15 17 30. The fraction in simplest form is ______. 34 18 90 31. and are proper, unlike and ______ fractions. 135 675 2 8 32. is equal to the improper fraction ______. 7 87 33. is equal to the mixed fraction ______. 7 2 6 9+ + 34. is equal to the decimal number ______. 10 100 35. Decimal 16.25 is equal to the fraction ______. 7 36. Fraction is equal to the decimal number ______. 25 17 41 67 24 + − 37. = ______. 38. = ______. 9 9 14 14 17 1 1 5 +3 9 − 39. = ______. 40. = ______. 2 2 4 4 41. 4.55 + 9.73 = ______. 42. 8.76 – 2.68 = ______. 43. The value of 50 coins of 50 paisa = Rs ______. 44. 3 Hundredths + 3 tenths = ______. In each of the questions 45 to 65, state whether the statement is true or false: 45. Fractions with same numerator are called like fractions. 18 46. Fraction is in its lowest form. 39 60 EXEMPLAR PROBLEMS 11.4.2018",4,Math,M408
C56,"MATHEMATICS 15 45 47. Fractions and are equivalent fractions. 39 117 48. The sum of two fractions is always a fraction. 49. The result obtained by subtracting a fraction from another fraction is necessarily a fraction. 50. If a whole or an object is divided into a number of equal parts, then each part represents a fraction. 51. The place value of a digit at the tenths place is 10 times the same digit at the ones place. 1 52. The place value of a digit at the hundredths place is times the 10 same digit at the tenths place. 53. The decimal 3.725 is equal to 3.72 correct to two decimal places. 25 54. In the decimal form, fraction = 3.125. 8 2 23 55. The decimal 23.2 = 5 56. The fraction represented by the 3 shaded portion in the adjoining figure is . 8 57. The fraction represented by the 5 unshaded portion in the adjoining figure is . 9 25 6 31 8 8 8 + = – = 58. 59. 19 19 38 18 15 3 7 11 3 + = 60. 61. 3.03 + 0.016 =3.019 12 12 2 16 13 > 62. 42.28 – 3.19 = 39.09 63. 25 25 64. 19.25 < 19.053 65. 13.730 = 13.73 In each of the questions 66 to 71, fill in the blanks using ‘>’, ‘<’ or ‘=’ : 11 14 8 95 ... ... 66. 67. 16 15 15 14 FRACTIONS AND DECIMALS 61 11.4.2018",4,Math,M408
C57,"UNIT-4 12 32 68. ... 69. 3.25...3.4 75 200 18 25 ...1.3 6.25... 70. 71. 15 4 72. Write the fraction represented by the shaded portion of the adjoining figure: 73. Write the fraction represented by the unshaded portion of the adjoining figure: 74. Ali divided one fruit cake equally among six persons. What part of the cake he gave to each person? 75. Arrange 12.142, 12.124, 12.104, 12.401 and 12.214 in ascending order. 76. Write the largest four digit decimal number less than1using the digits 1, 5, 3 and 8 once. 77. Using the digits 2, 4, 5 and 3 once, write the smallest four digit decimal number. 11 78. Express as a decimal. 20 2 6 79. Express as an improper fraction. 3 2 3 80. Express as a decimal. 5 81. Express 0.041 as a fraction. 82. Express 6.03 as a mixed fraction. 83. Convert 5201g to kg. 62 EXEMPLAR PROBLEMS 11.4.2018",4,Math,M408
C58,"MATHEMATICS 84. Convert 2009 paise to rupees and express the result as a mixed fraction. 85. Convert 1537cm to m and express the result as an improper fraction. 86. Convert 2435m to km and express the result as mixed fraction. 2 3 1 5 , , 87. Arrange the fractions and in ascending order. 3 4 2 6 6 7 4 3 , , 88. Arrange the fractions and in descending order. 7 8 5 4 3 89. Write as a fraction with denominator 44. 4 5 90. Write as a fraction with numerator 60. 6 129 91. Write as a mixed fraction. 8 92. Round off 20.83 to nearest tenths. 93. Round off 75.195 to nearest hundredths. 94. Round off 27.981 to nearest tenths. 3 2 95. Add the fractions and . 8 3 3 3 6 96. Add the fractions and . 8 4 1 1 97. Subtract from . 6 2 1 100 8 98. Subtract from . 3 9 1 1 1 6 99. Subtract from . 4 2 1 1 1 6 100. Add and . 4 2 1 3 6 8 101. Katrina rode her bicycle km in the morning and km in the 2 4 evening. Find the distance travelled by her altogether on that day. FRACTIONS AND DECIMALS 63 11.4.2018",4,Math,M408
C59,"UNIT-4 102. A rectangle is divided into certain number of equal parts. If 16 of the 1 parts so formed represent the fraction , find the number of parts 4 in which the rectangle has been divided. 9 11 103. Grip size of a tennis racquet is cm. Express the size as an 80 improper fraction. 1 104. On an average of the food eaten is turned into organism’s own 10 body and is available for the nextlevel of consumer in a food chain. What fraction of the food eaten is not available for the next level? 105. Mr. Rajan got a job at the age of 24 years and he got retired from the job at the age of 60 years. What fraction of his age till retirement was he in the job? 106. The food we eat remains in the stomach for a maximum of 4 hours. For what fraction of a day, does it remain there? 107. What should be added to 25.5 to get 50? 108. Alok purchased 1kg 200g potatoes, 250g dhania, 5kg 300g onion, 500g palak and 2kg 600g tomatoes. Find the total weight of his purchases in kilograms. 109. Arrange in ascending order: 0.011, 1.001, 0.101, 0.110 110. Add the following: 20.02 and 2.002 111. It was estimated that because of people switching to Metro trains, about 33000 tonnes of CNG, 3300 tonnes of diesel and 21000 tonnes of petrol was saved by the end of year 2007. Find the fraction of : (i) the quantity of diesel saved to the quantity of petrol saved. (ii) the quantity of diesel saved to the quantity of CNG saved. 64 EXEMPLAR PROBLEMS 11.4.2018",4,Math,M408
C60,"MATHEMATICS 112. Energy content of different foods are as follows: Food Energy Content per kg. Wheat 3.2 Joules Rice 5.3 Joules Potatoes (Cooked) 3.7 Joules Milk 3.0 Joules Which food provides the least energy and which provides the maximum? Express the least energy as a fraction of the maximum energy. 1 113. A cup is full of milk. What part of the cup is still to be filled by 3 milk to make it full? 1 3 3 1 114. Mary bought m of lace. She used m of lace for her new dress. 2 4 How much lace is left with her? 115. When Sunita weighed herself on Monday, she found that she had 1 3 1 46 gained 5kg. Earlier her weight was kg. What was her weight 4 8 on Monday? 1 3 12 14 116. Sunil purchased litres of juice on Monday and litres of juice 2 4 on Tuesday. How many litres of juice did he purchase together in two days? 3 1 2 5 117. Nazima gave litres out of the litres of juice she purchased to 4 2 her friends. How many litres of juice is left with her? 1 150 118. Roma gave a wooden board of length cm to a carpenter for 4 1 40 making a shelf. The Carpenter sawed off a piece of cm from it. 5 What is the length of the remaining piece? FRACTIONS AND DECIMALS 65 11.4.2018",5,Math,M505
C61,UNIT-4 1 1 3 1 119. Nasir travelled km in a bus and then walked km to reach a 2 8 town. How much did he travel to reach the town? 3 3 120. The fish caught by Neetu was of weight kg and the fish caught by 4 1 2 Narendra was of weight kg. How much more did Neetu’s fish 2 weigh than that of Narendra? 3 1 121. Neelam’s father needs m of cloth for the skirt of Neelam’s new 4 1 dress and m for the scarf. How much cloth must he buy in all? 2 122. What is wrong in the following additions? (a) (b) 1 2 1 8 =8 6 2 4 2 1 1 1 +4 =4 +2 4 4 4 3 2 1 =12 =8 =8 8 6 3 123. Which one is greater? 1 metre 40 centimetres + 60 centimetres or 2.6 metres. 124. Match the fractions of Column I with the shaded or marked portion of figures of Column II: Column I Column II 6 (i) (A) 4 6 (ii) (B) 10 66 EXEMPLAR PROBLEMS 11.4.2018,5,Math,M505
C62," 6 (iii) (C) 6 6 (iv) (D) 16 (E) 125. Find the fraction that represents the number of natural numbers to total numbers in the collection 0, 1, 2, 3, 4, 5. What fraction will it be for whole numbers? 126. Write the fraction representing the total number of natural numbers in the collection of numbers –3, – 2, –1, 0, 1, 2, 3. What fraction will it be for whole numbers? What fraction will it be for integers? 7 2 127. Write a pair of fractions whose sum is and difference is . 11 11 128. What fraction of a straight angle is a right angle? 129. Put the right card in the right bag. Cards Bags 3 (i) 7 4 (ii) 4   11.4.2018",4,Math,M406
C63, 9 (iii) 8 8 (iv) 9 5 (v) 6 6 (vi) 11 18 (vii) 18 19 (viii) 25 2 (ix) 3 13 (x) 17   Activity: Find the number of boys and girls in your school and write: (i) The fraction representing boys among the total students (ii) The fraction representing girls among the total students (iii) check that the sum of two fractions in (i) and (ii) is 1.   11.4.2018,4,Math,M406
C64,"3 NUMBER PLAY Numbers are used in different contexts and in many different ways to organise our lives. We have used numbers to count, and have applied the basic operations of addition, subtraction, multiplication and division on them, to solve problems related to our daily lives. In this chapter, we will continue this journey, by playing with numbers, seeing numbers around us, noticing patterns, and learning to use numbers and operations in new ways. Think about various situations where we use numbers. Math List five different situations in which numbers are used. See what Talk your classmates have listed, share, and discuss. 3.1 Numbers can Tell us Things What are these numbers telling us? Some children in a park are standing in a line. Each one says a number. What do you think these numbers mean? The children now rearrange themselves, and again each one says a number based on the arrangement. Reprint 2026-27 Chapter 3_Number Play.indd 55 14-08-2024 14:43:33",4,Math,M401
C65,"Ganita Prakash | Grade 6 Did you figure out what these numbers represent? Hint: Could their heights be playing a role? A child says ‘1’ if there is only one taller child standing next to them. A child says ‘2’ if both the children standing next to them are taller. A child says ‘0’, if neither of the children standing next to them are taller. That is each person says the number of taller neighbours they have. Try answering the questions below and share your reasoning. 1. Can the children rearrange themselves so that the children Math Talk standing at the ends say ‘2’? 2. Can we arrange the children in a line so that all would say only 0s? 3. Can two children standing next to each other say the same number? 4. There are 5 children in a group, all of different heights. Can they stand such that four of them say ‘1’ and the last one says ‘0’? Why or why not? 5. For this group of 5 children, is the sequence 1, 1, 1, 1, 1 possible? 6. Is the sequence 0, 1, 2, 1, 0 possible? Why or why not? 7. How would you rearrange the five children so that the maximum number of children say ‘2’? 56 Reprint 2026-27 Chapter 3_Number Play.indd 56 14-08-2024 14:43:38",4,Math,M401
C66,"Number Play 3.2 Supercells Observe the numbers written in the table below. Why are some numbers coloured? Discuss. 43 79 75 63 10 29 28 34 200 577 626 345 790 694 109 198 A cell is coloured if the number in it is larger than its adjacent cells. The number 626 is coloured as it is larger than 577 and 345, whereas 200 is not coloured as it is smaller than 577. The number 198 is coloured as it has only one adjacent cell with 109 in it, and 198 is larger than 109. Figure it Out 1. Colour or mark the supercells in the table below. 6828 670 9435 3780 3708 7308 8000 5583 52 2. Fill the table below with only 4-digit numbers such that the supercells are exactly the coloured cells. 5346 1258 9635 3. Fill the table below such that we get as many supercells as possible. Use numbers between 100 and 1000 without repetitions. 4. Out of the 9 numbers, how many supercells are there in the table above? ___________ 5. Find out how many supercells are possible for different numbers of cells. Math Talk Do you notice any pattern? What is the method to fill a given table to get the maximum number of supercells? Explore and share your strategy. 57 Reprint 2026-27 Chapter 3_Number Play.indd 57 14-08-2024 14:43:38",4,Math,M401
C67,"Ganita Prakash | Grade 6 6. Can you fill a supercell table without repeating numbers such that there are no supercells? Why or why not? Try This 7. Will the cell having the largest number in a table always be a supercell? Can the cell having the smallest number in a table be a supercell? Why or why not? 8. Fill a table such that the cell having the second largest number is not a supercell. 9. Fill a table such that the cell having the second largest number is not a supercell but the second smallest number is a supercell. Is it possible? 10. Make other variations of this puzzle and challenge your classmates. Let’s do the supercells activity with more rows. Here the neighbouring cells are those that are immediately to the left, right, top and bottom. Table 1 The rule remains the same : a cell becomes a supercell if the 2430 7500 7350 9870 number in it is greater than all 3115 4795 9124 9230 the numbers in its neighbouring cells. In Table 1, 8632 is greater 4580 8632 8280 3446 than all its neighbours 4580, 8280, 4795 and 1944. 5785 1944 5805 6034 Complete Table 2 with 5-digit numbers whose digits are ‘1’, Table 2 ‘0’, ‘6’, ‘3’, and ‘9’ in some order. Only a coloured cell should 96,301 36,109 have a number greater than all 13,609 60,319 19,306 its neighbours. 60,193 The biggest number in the table is ____________ . 10,963 58 Reprint 2026-27 Chapter 3_Number Play.indd 58 14-08-2024 14:43:38",4,Math,M401
C68,"Number Play The smallest even number in the table is ____________. The smallest number greater than 50,000 in the table is ____________. Once you have filled the table above, put commas appropriately after the thousands digit. 3.3 Patterns of Numbers on the Number Line We are quite familiar with number lines now. Let’s see if we can place some numbers in their appropriate positions on the number line. Here are the numbers: 2180, 2754, 1500, 3600, 9950, 9590, 1050, 3050, 5030, 5300 and 8400. 2180 1000 2000 3000 4000 5000 6000 7000 8000 9000 10,000 2754 Figure it Out I dentify the numbers marked on the number lines below, and label the remaining positions. a. 2010 2020 b. 9996 9997 c. 15,077 15,078 15,083 d. 86,705 87,705 P ut a circle around the smallest number and a box around the largest number in each of the sequences above. 59 Reprint 2026-27 Chapter 3_Number Play.indd 59 14-08-2024 14:43:39",4,Math,M401
C69,"Ganita Prakash | Grade 6 3.4 Playing with Digits We start writing numbers from 1, 2, 3 … and so on. There are nine 1-digit numbers. Find out how many numbers have two digits, three digits, four digits, and five digits. 1-digit 2-digit 3-digit 4-digit 5-digit numbers numbers numbers numbers numbers From 1–9 9 Digit sums of numbers Komal observes that when she adds up digits of certain numbers the sum is the same. For example, adding the digits of the number 68 will be same as adding the digits of 176 or 545. Figure it Out 1. Digit sum 14 a. Write other numbers w. hose digits add up to 14. Math Talk b. What is the smallest number whose digit sum is 14? c. What is the largest 5-digit whose digit sum is 14? d. How big a number can you form having the digit sum of 14? Can you make an even bigger number? 2. F ind out the digit sums of all the numbers from 40 to 70. Share your observations with the class. 3. Calculate the digit sums of 3-digit numbers whose digits are consecutive (for example, 345). Do you see a pattern? Will this pattern continue? 60 Reprint 2026-27 Chapter 3_Number Play.indd 60 14-08-2024 14:43:39",4,Math,M401
C70,"Number Play Digit Detectives After writing numbers from 1 to 100, Dinesh wondered how many times he would have written the digit ‘7’! Among the numbers 1–100, how many times will the digit ‘7’ occur? Among the numbers 1–1000, how many times will the digit ‘7’ occur? 3.5 Pretty Palindromic Patterns What pattern do you see in these numbers: 66, 848, 575, 797, 1111? These numbers read the same from left to right and from right to left. Try and see. Such numbers are called palindromes or palindromic numbers. All palindromes using 1, 2, 3 The numbers 121, 313, 222 are some examples of palindromes using the digits ‘1’, ‘2’, 3’. Write all possible 3-digit palindromes using these digits. Reverse-and-add palindromes Now, look at these additions. Try to figure out what is happening. Steps to follow: Start with a 2-digit number. Add this number to its reverse. Stop if you get a palindrome or else repeat the steps of reversing the digits and adding. Try the same procedure for some other numbers, and perform the same steps. Stop if 61 Reprint 2026-27 Chapter 3_Number Play.indd 61 14-08-2024 14:43:40",4,Math,M401
C71,"Ganita Prakash | Grade 6 you get a palindrome. There are numbers for which you have to repeat this a large number of times. Are there numbers for which you do not reach a palindrome at all? Explore Will reversing and adding numbers repeatedly, starting with Math a 2-digit number, always give a palindrome? Explore and find Talk out.* Puzzle time tth th h t u Write the number in words: I am a 5-digit palindrome. I am an odd number. My ‘t’ digit is double of my ‘u’ digit. My ‘h’ digit is double of my ‘t’ digit. Who am I? _________________ 3.6 The Magic Number of Kaprekar D.R. Kaprekar was a mathematics teacher in a government school in Devlali, Maharashtra. He liked playing with numbers very much and found many beautiful patterns in numbers that were previously unknown. In 1949, he discovered a fascinating and magical phenomenon when playing with 4-digit numbers. *The answer is yes! For 3-digit numbers the answer is unknown. It is suspected that starting with 196 never yields a palindrome! 62 Reprint 2026-27 Chapter 3_Number Play.indd 62 14-08-2024 14:43:40",4,Math,M401
C72,"Number Play Follow these steps and experience the magic for yourselves! Pick any 4-digit number having at least two different digits, say 6382. Take a 4-digit number. Make the largest number from these digits. Call it A. Make the smallest number from these Use digits digits. Call it B. of C Subtract B from A. Call it C. C = A – B What happens if we continue doing this? A = 8632 A = 6642 A = 7641 A = B = 2368 B = 2466 B = 1467 B = C = 8632–2368 C = 6642–2466 C = 7641–1467 C = = 6264 = 4176 = 6174 Explore Take different 4-digit numbers and try carrying out these steps. Find out what happens. Check with your friends what they got. You will always reach the magic number ‘6174’! The number ‘6174’ is now called the ‘Kaprekar constant’. Carry out these same steps with a few 3-digit numbers. What number will start repeating? 63 Reprint 2026-27 Chapter 3_Number Play.indd 63 14-08-2024 14:43:40",4,Math,M401
C73,"Ganita Prakash | Grade 6 3.7 Clock and Calendar Numbers On the usual 12-hour clock, there are timings with different patterns. For example, 4:44, 10:10, 12:21. Try and find out all possible times on a 12-hour clock of each of these types. Manish has his birthday on 20/12/2012 where the digits ‘2’, ‘0’, ‘1’, and ‘2’ repeat in that order. Find some other dates of this form from the past. His sister, Meghana, has her birthday on 11/02/2011 where the digits read the same from left to right and from right to left. Find all possible dates of this form from the past. Jeevan was looking at this year’s calendar. He started wondering, “Why should we change the calendar every year? Can we not reuse a calendar?”. What do you think? You might have noticed that last year’s calendar was different from this year’s. Also, next year’s calendar will also be different from the previous years. But, will any year’s calendar repeat again after some Try years? Will all dates and days in a year match exactly with This that of another year? Figure it Out 1. Pratibha uses the digits ‘4’, ‘7’, ‘3’ and ‘2’, and makes the smallest and largest 4-digit numbers with them: 2347 and 7432. The difference between these two numbers is 7432 – 2347 = 5085. The sum of these two numbers is 9779. Choose 4 - digits to make: a. the difference between the largest and smallest numbers greater than 5085. 64 Reprint 2026-27 Chapter 3_Number Play.indd 64 14-08-2024 14:43:45",4,Math,M401
C74,"Number Play b. the difference between the largest and smallest numbers less than 5085. c. the sum of the largest and smallest numbers greater than 9779. d. the sum of the largest and smallest numbers less than 9779. 2. What is the sum of the smallest and largest 5-digit palindrome? What is their difference? 3. The time now is 10:01. How many minutes until the clock shows the next palindromic time? What about the one after that? 4. How many rounds does the number 5683 take to reach the Kaprekar constant? 3.8 Mental Math Observe the figure below. What can you say about the numbers and the lines drawn? 25,000 38,800 3,400 400 28,000 63,000 13,000 61,600 19,500 1,500 31,000 20,900 60,000 Numbers in the middle column are added in different ways to get the numbers on the sides (1500 + 1500 + 400 = 3400). The numbers in the middle can be used as many times as needed to get the desired sum. Draw arrows from the middle to the numbers on the sides to obtain the desired sums. Two examples are given. It is simpler to do it mentally! 38,800 = 25,000 + 400 × 2 + 13,000 3400 = 1500 + 1500 + 400 65 Reprint 2026-27 Chapter 3_Number Play.indd 65 14-08-2024 14:43:45",4,Math,M401
C75,"Ganita Prakash | Grade 6 Can we make 1,000 using the numbers in the middle? Why not? Math What about 14,000, 15,000 and 16,000? Yes, it is possible. Explore how. Talk What thousands cannot be made? Adding and Subtracting Here, using the numbers in the boxes, we are allowed to use both addition and subtraction to get the required number. An example is shown. 39,800 = 40,000 – 800 + 300 + 300 40,000 7,000 45,000 = 300 1,500 5,900 = 17,500 = 12,000 800 21,400 = Digits and Operations An example of adding two 5-digit numbers to get another 5-digit number is 12,350 + 24,545 = 36,895. An example of subtracting two 5-digit numbers to get another 5-digit number is 48,952 – 24,547 = 24,405. Figure it Out 1. Write an example for each of the below scenarios whenever possible. 5-digit + 5-digit 4-digit 5-digit 5-digit to 5-digit + + 3-digit + 4-digit + 5-digit give a 5-digit 5-digit to to give a to give a to give a sum more give 18,500 6-digit sum 6-digit sum 6-digit sum than 90,250 5-digit – 5-digit 5-digit 5-digit 5-digit to give – 3-digit − 4-digit − 5-digit 5-digit − a difference to give to give to give 5-digit to less than a 4-digit a 4-digit a 3-digit give 91,500 56,503 difference difference difference 66 Reprint 2026-27 Chapter 3_Number Play.indd 66 14-08-2024 14:43:45",4,Math,M401
C76,"Number Play Could you find examples for all the cases? If not, think and Math discuss what could be the reason. Make other such questions Talk and challenge your classmates. 2. Always, Sometimes, Never? Below are some statements. Think, explore and find out if each of the statement is ‘Always true’, ‘Only sometimes true’ or ‘Never true’. Why do you think so? Write your reasoning and discuss this with the class. a. 5-digit number + 5-digit number gives a 5-digit number b. 4-digit number + 2-digit number gives a 4-digit number c. 4-digit number + 2-digit number gives a 6-digit number d. 5-digit number – 5-digit number gives a 5-digit number e. 5-digit number – 2-digit number gives a 3-digit number 3.9 Playing with Number Patterns Here are some numbers arranged in some patterns. Find out the sum of the numbers in each of the below figures. Should we add them one by one or can we use a quicker way? Share and discuss in class the different methods each one of you used to solve these questions. a. b. 40 40 40 40 50 50 50 50 50 40 40 40 40 50 50 50 50 50 40 40 40 40 67 Reprint 2026-27 Chapter 3_Number Play.indd 67 14-08-2024 14:43:45",4,Math,M401
C77,"Ganita Prakash | Grade 6 c. d. 32 32 32 32 32 32 32 32 32 32 32 32 32 32 32 32 32 32 32 32 32 32 32 32 32 32 32 32 32 32 32 32 64 64 64 64 64 64 64 64 64 64 64 64 64 64 64 64 e. 15 15 35 35 25 25 f. 15 15 25 25 125 125 125 125 25 25 35 35 15 15 125 250 125 35 25 25 3 1 5 5 3 2 5 5 15 15 35 1 2 5 250 500 250 125 35 35 25 25 35 35 15 15 35 35 125 250 500 1000 500 250 15 15 25 25 125 35 25 15 35 125 500 15 15 35 35 25 25 250 250 125 125 15 15 25 25 250 125 35 35 25 25 15 15 125 125 125 125 25 25 35 35 15 15 3.10 An Unsolved Mystery — the Collatz Conjecture! Look at the sequences below—the same rule is applied in all the sequences: a. 12, 6, 3, 10, 5, 16, 8, 4, 2, 1 b. 17, 52, 26, 13, 40, 20, 10, 5, 16, 8, 4, 2, 1 c. 21, 64, 32, 16, 8, 4, 2, 1 d. 22, 11, 34, 17, 52, 26, 13, 40, 20, 10, 5, 16, 8, 4, 2, 1 Do you see how these sequences were formed? 68 Reprint 2026-27 Chapter 3_Number Play.indd 68 14-08-2024 14:43:46",4,Math,M401
C78,"Number Play The rule is: one starts with any number; if the number is even, take half of it; if the number is odd, multiply it by 3 and add 1; repeat. Notice that all four sequences above eventually reached the number 1. In 1937, the German mathematician, Lothar Collatz conjectured that the sequence will always reach 1, regardless of the whole number you start with. Even today — despite many mathematicians working on it — it remains an unsolved problem as to whether Collatz’s conjecture is true! Collatz’s conjecture is one of the most famous unsolved problems in mathematics. Make some more Collatz sequences like those above, starting with your favourite whole numbers. Do you always reach 1? Do you believe the conjecture of Collatz that all such sequences will eventually reach 1? Why or why not? 3.11 Simple Estimation At times, we may not know or need an exact count of things and an estimate is sufficient for the purpose at hand. For example, your school headmaster might know the exact number of students enrolled in your school, but you may only know an estimated count. How many students are in your school? About 150? 400? A thousand? Paromita’s class section has 32 children. The other 2 sections of her class have 29 and 35 children. So, she estimated the number of children in her class to be about 100. Along with Class 6, her school also has Classes 7–10 and each class has 3 sections each. She assumed a similar number in each class and estimated the number of students in her school to be around 500. Figure it Out W e shall do some simple estimates. It is a fun exercise, and you may find it amusing to know the various numbers around us. Remember, 69 Reprint 2026-27 Chapter 3_Number Play.indd 69 14-08-2024 14:43:46",4,Math,M401
C79,Ganita Prakash | Grade 6 we are not interested in the exact numbers for the following questions. Share your methods of estimation with the class. 1. Steps you would take to walk: a. From the place you are sitting to the classroom door b. Across the school ground from start to end c. From your classroom door to the school gate d. From your school to your home 2. Number of times you blink your eyes or number of breaths you take: a. In a minute b. In an hour c. In a day 3. Name some objects around you that are: a. a few thousand in number b. more than ten thousand in number Estimate the answer Try to guess within 30 seconds. Check your guess with your friends. 1. Number of words in your maths textbook: a. More than 5000 b. Less than 5000 2. N umber of students in your school who travel to school by bus: a. More than 200 b. Less than 200 3. Roshan wants to buy milk and 3 types of fruit to make fruit custard for 5 people. He estimates the cost to be ₹100. Do you agree with him? Why or why not? 4. Estimate the distance between Gandhinagar (in Gujarat) to Kohima (in Nagaland). Hint: Look at the map of India to locate these cities. 70 Reprint 2026-27 Chapter 3_Number Play.indd 70 14-08-2024 14:43:46,4,Math,M401
C80,"Number Play 5. Sheetal is in Grade 6 and says she has spent around 13,000 hours in school till date. Do you agree with her? Why or why not? 6. Earlier, people used to walk long distances as they had no other means of transport. Suppose you walk at your normal pace. Approximately, how long would it take you to go from: a. Your current location to one of your favourite places nearby. b. Your current location to any neighbouring state’s capital city. c. The southernmost point in India to the northernmost point in India. 7. Make some estimation questions and challenge your classmates! 3.12 Games and Winning Strategies Numbers can also be used to play games and develop winning strategies. Here is a famous game called 21. Play it with a classmate. Then try it at home with your family! Rules for Game #1: The first player says 1, 2 or 3. Then the two players take turns adding 1, 2, or 3 to the previous number said. The first player to reach 21 wins! Play this game several times with your classmate. Are you starting to see the winning strategy? Which player can always win if they play correctly? What is the pattern of numbers that the winning player should say? There are many variations of this game. Here is another common variation: Rules for Game #2: The first player says a number between 1 and 10. Then the two players take turns adding a number between 1 and 10 to the previous number said. The first player to reach 99 wins! Play this game several times with your classmate. See if you can figure out the corresponding winning strategy in this case! Which 71 Reprint 2026-27 Chapter 3_Number Play.indd 71 14-08-2024 14:43:46",4,Math,M401
C81,"Ganita Prakash | Grade 6 player can always win? What is the pattern of numbers that the winning player should say this time? Make your own variations of this game — decide how much one can add at each turn, and what number is the winning number. Then play your game several times, and figure out the winning strategy and which player can always win! Figure it Out 1. There is only one supercell 16,200 39,344 29,765 (number greater than all its Try neighbours) in this grid. If you 23,609 62,871 45,306 This exchange two digits of one of 19,381 50,319 38,408 the numbers, there will be 4 supercells. Figure out which digits to swap. 2. How many rounds does your year of birth take to reach the Kaprekar constant? 3. We are the group of 5-digit numbers between 35,000 and 75,000 such that all of our digits are odd. Who is the largest number in our group? Who is the smallest number in our group? Who among us is the closest to 50,000? 4. Estimate the number of holidays you get in a year including weekends, festivals and vacation. Then, try to get an exact number and see how close your estimate is. 5. Estimate the number of liters a mug, a bucket and an overhead tank can hold. 6. Write one 5-digit number and two 3-digit numbers such that their sum is 18,670. 7. Choose a number between 210 and 390. Create a number pattern similar to those shown in Section 3.9 that will sum up to this number. 72 Reprint 2026-27 Chapter 3_Number Play.indd 72 14-08-2024 14:43:46",4,Math,M401
C82,"Number Play 8. Recall the sequence of Powers of 2 from Chapter 1, Table 1. Why is the Collatz conjecture correct for all the starting numbers in this sequence? 9. Check if the Collatz Conjecture holds for the starting number 100. 10. Starting with 0, players alternate adding numbers between 1 and 3. The first person to reach 22 wins. What is the winning strategy now? Summary Numbers can be used for many different purposes including, to convey information, make and discover patterns, estimate magnitudes, pose and solve puzzles, and play and win games. Thinking about and formulating set procedures to use numbers for these purposes is a useful skill and capacity (called ‘computational thinking’). Many problems about numbers can be very easy to pose, but very difficult to solve. Indeed, numerous such problems are still unsolved (for example, Collatz’s Conjecture). 73 Reprint 2026-27 Chapter 3_Number Play.indd 73 14-08-2024 14:43:46",4,Math,M401
C83,"CHAPTER 3 — SOLUTIONS Number Play Q. Think about various situations where we use numbers. List five different situations in which numbers are used. See what your classmates have listed, share, and discuss. Ans. Five different possible situations in which numbers are used - 1. Time 2. Calendar 3. Counting objects/Marks 4. Measurement of height & weight 5. Money There could many more. Section 3.1 Page No. 55 Q. What do you think these numbers mean? Ans. Refer page 56. Page No. 56 Q1. Can the children rearrange themselves so that the children standing at the ends say ‘2’? Ans. No; There will be no one standing on the other side of the child standing at the end. Q2. Can we arrange the children in a line so that all would say only 0s? Ans. Yes; All the children in the line should be of same height. Q3. Can two children standing next to each other say the same number? Ans. Yes; Refer picture on page 55. Q4. There are 5 children in a group, all of different heights. Can they stand such that four of them say ‘1’ and the last one says ‘0’? Why or why not? Ans. Yes, they can, if they are standing in ascending order of height. [1]",4,Math,M401
C84,"Q5. For this group of 5 children, is the sequence 1, 1, 1, 1, 1 possible? Ans. No; the tallest child at the end cannot say1. Q6. Is the sequence 0, 1, 2, 1, 0 possible? Why or why not? Ans. Yes, it is possible. Q7. How would you rearrange the five children so that the maximum number of children say ‘2’? Ans. At the most only 2 children can say 2 as given is the following arrangement. Section 3.2 Page No. 57 Figure it out Q1. Colour or mark the supercells in the table below. 6828 670 9435 3780 3708 7308 8000 5583 52 Ans. 6828 670 9435 3780 3708 7308 8000 5583 52 [2]",4,Math,M401
C85,"Q2. Fill the table below with only 4-digit numbers such that the supercells are exactly the coloured cells. 5346 1258 9635 Ans. One of the ways could be-5346; 9636.Try more 5346 5347 1000 1258 1100 1200 1300 9635 9636 Q3. Fill the table below such that we get as many supercells as possible. Use numbers between 100 and 1000 without repetitions. Ans. 110 100 150 130 280 200 230 210 270 Q4. Out of the 9 numbers, how many supercells are there in the table above? ___________ Ans. 5 Q5 Find out how many supercells are possible for different numbers of cells. Do you notice any pattern? What is the method to fill a given table to get the maximum number of supercells? Explore and share your strategy. Ans. For even number of cells say,2,4,6,… the number of supercells would be respectively, 2/2 =1,4/2 =2,6/2=3,… For odd number of cells , say 1,3,5,7,… the number of supercells would be respectively (1+1)/2= 1, (3+1)/2 = 2, (5+1)/2= 3,(7+1)/2 = 4,… To get the maximum number ofsupercells, we have to start by filling the first cell as super cell & then fill alternately. Q6. Can you fill a supercell table without repeating numbers such that there are no supercells? Why or why not? Ans. No; the cell which is filled by the greatest number among the given numbers chosen, will become super cell irrespective of its position in the table. Q7. Will the cell having the largest number in a table always be a supercell? Can the cell having the smallest number in a table be a supercell? Why or why not? Ans. Yes, the largest number in a table will always be a supercell. No, the smallest number in a table can never be a supercell as the number in all the adjacent cells will be greater than it. Q8. Fill a table such that the cell having the second largest number is not a supercell. Ans. One of the ways could be- 1 2 3 4 5 6 7 9 8 [3]",4,Math,M401
C86,"Q9. Fill a table such that the cell having the second largest number is not a supercell but the second smallest number is a supercell. Is it possible? Ans. One of the ways is- Second smallest number Second largest number a super cell 2 1 3 4 5 6 7 9 8 8 is not a supercell. Q10. Make other variations of this puzzle and challenge your classmates. Ans. Some of these could be- Can you fill the table with 9 cells such that there are more than 5 super cells? Can you fill the table with 9 cells such that there are exactly 4 super cells? Page No. 58 Q. Complete Table 2 with 5-digit numbers whose digits are ‘1’, ‘0’, ‘6’, ‘3’, and ‘9’ in some order. Only a coloured cell should have a number greater than all its neighbours. Ans. Table 2 (One of the ways) – 96,310 96,301 36,109 39,160 96,103 13,609 60,319 19,306 13,906 10,396 60,193 60,931 10,369 10,963 10,936 69,031 Q. The biggest number in the table is ____________. Ans. The biggest number in the table is 96,310 Q. The smallest even number in the table is ____________. Ans. The smallest even number in the table is 10,396 Q. The smallest number greater than 50,000 in the table is ____________. Ans. The smallest number greater than 50,000 in the table is 60,193. Section 3.3 Page no.59 Q. We are quite familiar with number lines now. Let’s see if we can place some numbers in their appropriate positions on the number line. Here are the numbers: 2180, 2754, 1500, 3600, 9950, 9590, 1050, 3050, 5030, 5300 and 8400. Ans. 1050 2180 3600 5030 8400 9950 2754 1000 2000 3000 4000 5000 6000 7000 8000 9000 10000 [4] 1500 5300 9590",4,Math,M401
C87,"Q. Identify the numbers marked on the number lines below, and label the remaining positions. (a). 1990 1995 2000 2005 2010 2015 2020 2025 2030 2035 (b). 9993 9994 9995 9996 9997 9998 9999 10000 10001 10002 (c). 15077 15078 15079 15080 15081 15082 15083 15084 15085 15086 (d). 83705 84705 85705 86705 87705 88705 89705 90705 91705 92705 Put a circle around the smallest number and a box around the largest number in each of the sequences above. Section 3.4 Page no. 60 Q. Find out how many numbers have two digits, three digits, four digits, and five digits: 1 Digit 2 Digit 3 Digit 4 Digit 5 Digit numbers numbers numbers numbers numbers 9 Ans. 1 Digit numbers 2 Digit numbers 3 Digit numbers 4 Digit numbers 5 Digit numbers 9 90 900 9,000 90,000 [5]",4,Math,M401
C88,"Figure it out Q.1. Digit sum 14 a. Write other numbers whose digits add up to 14. b. What is the smallest number whose digit sum is 14? c. What is the largest 5-digit number whose digit sum is 14? d. How big a number can you form having the digit sum 14? Can you make an even bigger number? Ans. a. Some such numbers are:248, 653, 356, 815, 833, 12335, 23351. b. 59 c. 95000 d. 95, 9005, 900005, 90000005, 9000000005, 90000000000005 … Q.3. Calculate the digit sums of 3-digit numbers whose digits are consecutive (for example, 345). Do you see a pattern? Will this pattern continue? Ans. 123 → 1+2+3 = 6 234 → 2+3+4 = 9 345 → 3+4+5 = 12 456 → 4+5+6 = 15 567 → 5+6+7 = 18 678 → 6+7+8 = 21 789 → 7+8+9 = 24 • Yes, there is a pattern, all the sums are multiples of 3. • No. Page no. 61 Q. Among the numbers 1–100, how many times will the digit ‘7’ occur? Among the numbers 1–1000, how many times will the digit ‘7’ occur? Ans. • 20 times. • 300 times. [6]",4,Math,M401
C89,"Section 3.5 Page no. 61 Q. Write all possible 3-digit palindromes using these digits. Ans. Palindromes: 111, 121, 131 222, 212, 232 313, 323, 333 Explore Page no. 62 Q. Will reversing and adding numbers repeatedly, starting with a 2-digit number, always give a palindrome? Explore and find out.* Some of these are- 12 47 +21 +74 33 121 Try more Yes, it will always give a palindrome. Puzzle time Q. I am a 5-digit palindrome. I am an odd number. My ‘t’ digit is double of my ‘u’ digit. My ‘h’ digit is double of my ‘t’ digit. Who am I? _________________ Ans. tth th h t u 1 2 4 2 1 Twelve thousand four hundred twenty one. Section 3.6 Page no. 63 Q. Carry out these same steps with a few 3-digit numbers. What number will start repeating? Ans. Take a 3- Digit number say, 321. 321 981 972 963 954 954 -123 -189 -279 -369 -459 -459 198 792 693 594 495 495 The number 495 starts repeating. Try for other 3-digit numbers. [7]",4,Math,M401
C90,"Section 3.7 Page no. 64 Q. Try and find out all possible times on a 12-hour clock of each of these types. Ans. 4:44 2:22 3:33 10:10 11:11 12:12 09:09 12:21 05:50 10:01 Think of some more! Q. Find some other dates of this form from the past. Ans. 20/04/2004, 20/06/2006, Try for yourself! Q. Find all possible dates of this form from the past. Ans. 01/02/2001, 02/02/2002, Think of some more! Q. Will any year’s calendar repeat again after some years? Will all dates and days in a year match exactly with that of another year? Ans. Yes, The calendar repeats itself after 6 years if only one leap year is included in these 6 years. If 2 leap years are included, then it will repeat after 5 years. Page no. 64 Figure it out Q.1. Pratibha uses the digits ‘4’, ‘7’, ‘3’ and ‘2’, and makes the smallest and largest 4- digit numbers with them: 2347 and 7432. The difference between these two numbers is 7432 – 2347 = 5085. The sum of these two numbers is 9779. Choose 4– digits to make: a. the difference between the largest and smallest numbers greater than 5085. b. the difference between the largest and smallest numbers less than 5085. c. the sum of the largest and smallest numbers greater than 9779. d. the sum of the largest and smallest numbers less than 9779. Ans. Some of the possibilities are– a. 7431 – 1347 = 6084 b. 7433 – 3347 = 4086 c. 7433 + 3347 = 10780 d. 7431 + 1347 = 8778 Q.2. What is the sum of the smallest and largest 5-digit palindrome? What is their difference? Ans. Smallest 5 digit palindrome = 10001 largest 5 digit palindrome = 99999 Sum = 10001 + 99999 = 110,000 Difference = 99999 – 10001 = 89,998 [8]",4,Math,M401
C91,"Q.3. The time now is 10:01. How many minutes until the clock shows the next palindromic time? What about the one after that? Ans. Time Now → 10:01 Next palindrome time → 11:11 After 1 hr. 10 min = 70 min the clock will show next palindrome time. Next palindrome time = 12:21 which will occur after 2 hr. 20 min = 140 min from 10:01. Q.4. How many rounds does the number 5683 take to reach the Kaprekar constant? Ans. 5683 8653 8550 9432 8730 6552 9963 6642 7641 -3568 -5058 -2349 -3078 -2556 -3699 -2466 -1467 5085 3492 7083 5652 3996 6264 4176 6174 1 2 3 4 5 6 7 8 It will take 8 rounds to reach the Kaprekar constant. Page no. 66 Section 3.8 Q. Can we make 1,000 using the numbers in the middle? Why not? What about 14,000, 15,000 and 16,000? Yes, it is possible. Explore how. What thousands cannot be made? Ans. No; the only number which is smaller than 1000 is 400 and 1000 is not a multiple of 400. 14000 = 1500 × 8 + 400 × 5 = 12000 + 2000 = 14000 15000 = 13000 + 400 × 5 = 13000 + 2000 = 15000 16000 = 1500 × 8 + 400 × 10 = 12000 + 4000 = 16000 Only one thousand (1000) cannot be made. Figure it out Q.1. Write an example for each of the below scenarios whenever possible. Could you find examples for all the cases? If not, think and discuss what could be the reason. Make other such questions and challenge your classmates. Ans. • 5 digit + 5 digit > 90,250 45,000 + 45,400 = 90,400 > 90,250 • 5 digit + 3 digit = 6 digit sum 99,999 + 999 = 100,998 • 4 digit + 4 digit = 6 digit sum Not possible as even the sum of the greatest 4 digit numbers will not give a six digit sum. (9999 + 9999 = 19,998) [9]",4,Math,M401
C92,"• 5 digit + 5 digit = 6 digit sum 60,000 + 40,000 = 1,00,000 • 5 digit + 5 digit = 18,500 Not possible as smallest 5-digit number is 10,000. If both the numbers are 10,000 then the sum is 20,000, which is more than 18,500. • 5 digit – 5 digit < 56,503 80,000 – 50,000 < 56,503 < 56,503 • 5 digit – 3 digit = 4 digit difference 10,000 – 999 = 9001 • 5 digit – 4 digit = 4 digit difference 12,000 – 2,500 = 9,500 • 5 digit – 5 digit = 3 digit difference 50,999 – 50,000 = 999 • 5 digit – 5 digit = 91,500 Not possible as the difference of the greatest and the smallest 5 digit numbers, the maximum difference, can be 99,999 – 10,000 = 89,999 Some examples of other such questions are- 1. 5 digit + 5 digit = 7 digit sum 2. 4 digit + 4 digit = 2900 More such examples can be made. Q.2. Always, Sometimes, Never? Below are some statements. Think, explore and find out if each of the statement is ‘Always true’, ‘Only sometimes true’ or ‘Never true’. Why do you think so? Write your reasoning; discuss this with the class. a. 5-digit number + 5-digit number gives a 5-digit number b. 4-digit number + 2-digit number gives a 4-digit number c. 4-digit number + 2-digit number gives a 6-digit number d. 5-digit number – 5-digit number gives a 5-digit number e. 5-digit number – 2-digit number gives a 3-digit number Ans. a. Only sometimes true. 20,000 + 80,000 = 1,00,000 not a 5 digit number b. Only sometimes true 9,999 + 99 = 10,098 not a 4 digit number c. Never true 9,999 + 99 = 10,098 On adding the greatest 4 digit and the greatest 2 digit numbers, we can reach only 5 digit number 10,098. So there is no possibility of getting a 6 digit number. d. Only sometimes true Ex. 12,000 – 10,000 = 2,000 5 digit – 5 digit = 4 digit e. Never true Ex. 10,000 – 99 = 9901 [10]",4,Math,M401
C93,"Even if the greatest 2 digit numbers is subtracted from the smallest 5 digit number, 4 digit number will be obtained. Page no. 69 Section 3.10 Q. Make some more Collatz sequences like those above, starting with your favourite whole numbers. Do you always reach 1? Do you believe the conjecture of Collatz that all such sequences will eventually reach 1? Why or why not? Ans. a) 28, 14, 7, 22, 11, 34, 17, 52, 26, 13, 40, 20, 10, 5, 16, 8, 4, 2, 1 b) 19, 58, 29, 88, 44, 22, 11, 34, 17, 52, 26, 13, 40, 20, 10, 5, 16, 8, 4, 2, 1 Yes we always reach 1. The even numbers are halved and when we have an odd number we convert it into an even number by multiplying by 3 and adding 1 so that eventually it can be halved again. The smallest even number is 2 so we will reach 1 for sure. Q.3. Name some objects around you that are: a. a few thousand in number b. more than ten thousand in number Ans. A few thousands: car numbers, 4 digit pin More than ten thousands: Salary, Mobile numbers. Q.3. Roshan wants to buy milk and 3 types of fruit to make fruit custard for 5 people. He estimates the cost to be ₹ 100. Do you agree with him? Why or why not? Ans. Yes, it is possible with less quantity of serving and with purchase of 1-1-1 fruit of each type. However, it is not possible with costly fruits and more quantity of serving. Q.4. Estimate the distance between Gandhinagar (in Gujarat) to Kohima (in Nagaland). Ans. 2500 kilometer Q. 5. Sheetal is in Grade 6 and says she has spent around 13,000 hours in school till date. Do you agree with her? Why or why not? Ans. No, I do not agree with her. There are 6 school hours in a day and around 200 working days in a year. 𝟏𝟑,𝟎𝟎𝟎 = 10.8 years 𝟔×𝟐𝟎𝟎 (Nursery, KG, 1,2,3,4,5,6) 8 years She is in school for 8 years, 13,000 hours is way too high. Q.7. Make some estimation questions and challenge your classmates! Ans. Some such are • How many students are there in your school? • How many hours does a person sleep in his lifetime on an average? (More such questions can be made) [11]",4,Math,M401
C94,"Section 3.12 Page No. 72 Figure it Out Q.1. There is only one supercell (number greater than all its neighbours) in this grid. If you exchange two digits of one of the numbers, there will be 4 supercells. Figure out which digits to swap. 16,200 39,344 29,765 23,609 62,871 45,306 19,381 50,319 38,408 Ans. If I exchange the digits 1 and 6 in the number 62,871 then there will be 4 Super cells. 16,200 39,344 29,765 23,609 12,876 45,306 19,381 50,319 38,408 Q.2. How many rounds does your year of birth take to reach the Kaprekar constant? Ans. Suppose the birth year is 1980, then, - 9810 8721 7443 9963 6642 7641 -1089 -1278 -3447 -3699 -2466 -1467 8721 7443 3996 6264 4176 6174 It takes 6 rounds. (Try now for your year of birth.) Q.3. We are the group of 5-digit numbers between 35,000 and 75,000 such that all of our digits are odd. Who is the largest number in our group? Who is the smallest number in our group? Who among us is the closest to 50,000? Ans. With repeating digit With non repeating digit Largest number → 73,999 73,951 Smallest number → 35,111 35,179 With repeating digit With non repeating digit Closest to 50000 51,111 51,379 Q.6. Write one 5-digit number and two 3-digit numbers such that their sum is 18,670. Ans. 18000 + 300 + 370 = 18670. Try for more. [12]",4,Math,M401
C95,"Q.7. Choose a number between 210 and 390. Create a number pattern similar to those shown in Section 3.9 that will sum up to this number. Ans. Number Chosen: 250 25 25 50 50 50 25 25 Or 10 10 10 10 10 10 10 10 10 10 10 10 10 10 10 10 10 10 10 10 10 10 10 10 10 Q.8. Recall the sequence of Powers of 2 from Chapter 1, Table 1. Why is the Collatz conjecture correct for all the starting numbers in this sequence? Ans. when we divide 28 = 2x2x2x2x2x2x2x2 by 2 it become 27 and every time you divide by 2 the same will continue happening, until you are left with 2 which when divided by 2 will leave 1. Q.9. Check if the Collatz Conjecture holds for the starting number 100. Ans. 100, 50, 25, 76, 38, 19, 58, 29, 88, 44, 22, 11, 34, 17, 52, 26, 13, 40, 20, 10, 5, 16, 8, 4, 2, 1. Q.10 Starting with 0, players alternate adding numbers between 1 and 3. The first person to reach 22 wins. What is the winning strategy now? Ans. Winning strategy is to be the first player. [13]",4,Math,M401
C96,"CChhaapptteerr 66 The Dairy Farm 1. The given shapes stand for numbers between 1 and 24. The same shape denotes the same number across all problems. Find the numbers hiding in all the shapes. 2. Place the digits 2, 5, and 3 appropriately to get a product close to 100. Share your reasoning in class. 3. A dairy has packed butter milk pouches in the following manner. Find the number of pouches kept in each arrangement. One is done for you. × By now, we know several multiplication facts. We have also learnt how to multiply two numbers. We will continue to explore different ways of multiplying in this chapter. Let Us Think a) 30 × 2 = 60 ___ × ___ = 60 × = b) × = c) × = d) × = e) × = f) × = × Reprint 2026-27 CChhaapptteerr 66..iinndddd 7700 0055--0077--22002255 1155::0044::2233",4,Math,M402
C97,"___ × ___ = 60 ___ × ___ = 60 WWhhaatt ootthheerr ggrroouuppss ccaann yyoouu mmaakkee?? 4. Which number am I? I am a two-digit number. Find me with the help of the following clues. (a) I am greater than 8. (b) I am not a multiple of 4. 0 1 2 3 4 5 6 7 8 9 (c) I am a multiple of 9. 10 11 12 13 14 15 16 17 18 19 (d) I am an odd number. 20 21 22 23 24 25 26 27 28 29 (e) I am not a multiple of 11. (f) I am less than 50. 30 31 32 33 34 35 36 37 38 39 (g) My ones digit is even 40 41 42 43 44 45 46 47 48 49 (h) My tens digit is odd. 50 51 52 53 54 55 56 57 58 59 60 61 62 63 64 65 66 67 68 69 Did you use all the clues to 70 71 72 73 74 75 76 77 78 79 find the number? Which clues did not help you in finding 80 81 82 83 84 85 86 87 88 89 the number? 90 91 92 93 94 95 96 97 98 99 5. Make your own numbers. 100 25 5 – Choose any two numbers and one operation from the grid. Try to make all the numbers between × 10 2 36 0 and 20. For example, 2 can be formed as 4 – 2. + Could you make all the numbers? ÷ 12 4 3 Which numbers could you not make? Is it possible to make these numbers using three numbers? You can use two operations, if needed. Which numbers between 0–20 can you get in more than one way? 71 Reprint 2026-27 CChhaapptteerr--66 TThhee DDaaiirryy FFaarrmm..iinndddd 7711 77//22//22002255 33::3344::4400 PPMM",4,Math,M402
C98,"Order of Numbers in Multiplication Daljeet Kaur runs a milk processing unit. She has arranged the butter packets in the following ways. Find the number of butter packets in each case. What pattern do you notice (or observe)? Discuss in class. b) a) 3 × 2 = 8 × 5 = 2 × 3 = 5 × 8 = e) 10 × 5 = Number of 5 × 10 = groups: 6 f) 8 × 20 = 20 × 8 = Group size: 13 g) 12 × 9 = 6 × 13 = 9 × 12 = 13 × 6 = WWhhaatt iiss 99 ×× 00?? 00 ×× 99?? IIss tthhiiss ttrruuee ffoorr tthhee pprroodduucctt ooff aannyy ttwwoo nnuummbbeerrss?? DDiissccuussss iinn ccllaassss.. The number of groups and the group size are interchanged in each case above, but the total number of butter packets remain the same. Patterns in Multiplication by 10s and 100s 1. Let us revise multiplication by 10s and 100s. a) 4 × 10 = _____ d) 10 × 10 = 100 g) 3 × 100 = 100 × 3 = 300 b) 20 × 10 = _____ e) 20 × 50 = ______ h) 8 × 100 = _____ = ______ c) 10 × 40 = _____ f) 80 × 10 = ______ i) 10 × 100 = _____ = ______ Note for Teachers: Encourage the learners to understand that when we multiply a number by 10, it becomes 10 times, and each digit moves one place value to the left. Multiplying by 100 makes the number 100 times larger, shifting each digit two place value to the left. Let them notice the pattern of zeros in the place value table. 72 Reprint 2026-27 CChhaapptteerr--66 TThhee DDaaiirryy FFaarrmm..iinndddd 7722 77//22//22002255 33::3344::4400 PPMM",4,Math,M402
C99,"2. Find answers to the following questions. Fill in the table below and describe the pattern. Discuss in class. 100 × 90 = __,000 400 × 10 = ___ 60 × 50 = ____ 30 × 20 = 600 700 × 4 = _ , _ 00 10 × 45 = ____ 3300 ×× 1100 == 330000 HHooww sshhoouulldd wwee wwrriittee 445500 iinn tthhee ttaabbllee bbeellooww?? ××22 ××22 3300 ×× 2200 == 660000 Problem Th H T O NNoottiiccee tthhee uunnddeerrlliinneedd nnuummbbeerrss 10 × 45 = 3300 ×× 2200 == 30 × 20 = 6 0 0 33 ×× 1100 ×× 22 ×× 1100 == 66 ×× 110000 400 × 10 = 700 × 8 = NNoottiiccee tthhee uunnddeerrlliinneedd nnuummbbeerrss.. RReemmeemmbbeerr,, wwee ccaann mmuullttiippllyy nnuummbbeerrss 100 × 90 = 9 0 0 0 iinn aannyy oorrddeerr.. Problem Th H T O Problem Th H T O 80 × 90 = 60 × 50 = 220 × 20 = 10 × 63 = 11 × 300 = 40 × 12 = What will happen if we multiply numbers by 1,000? 2 × 1,000 = 2 thousand = 2,000 1,000 1,000 5 × 1,000 = 5 thousand = 5,000 1,000 1,000 1,000 1,000 1,000 10 × 1,000 = 10 thousand= 10,000 20 × 1,000 = 20 thousand = 20,000 73 Reprint 2026-27 CChhaapptteerr--66 TThhee DDaaiirryy FFaarrmm..iinndddd 7733 0044--0077--22002255 1111::5577::1155",4,Math,M402
C100,"Let us fill in the table and observe the patterns. Problem TTh Th H T O Problem TTh Th H T O 2 × 1,000 = 2 0 0 0 20 × 100 = 5 × 1,000 = 5 0 0 0 40 × 500 = 10 × 1,000 = 1 0 0 0 0 60 × 300 = 20 × 1,000 = 2 0 0 0 0 600 × 30 = 3 × 5,000 = 80 × 900 = 8 × 3,000 = 70 × 600 = 5 × 7,000 = 5 × 7,000 = Many Ways to Multiply DDoo yyoouu tthhiinnkk tthheeyy aarree aallll ccoorrrreecctt?? WWhhyy ddoo What is 1 8 × 5 yyoouu tthhiinnkk ssoo?? Half of 18 is 9. 9×5 is 45 and 9×5 is 45. I added 45 and 45 together to get 90. First, I doubled 18 to get 36. Then I doubled 36 to get 72 and then I added 18 to 72 to get 90. I separated 18 into 8 and 10. 8×5 is 40. 10×5 is 50. then I added 40 and 50 together to get 90. 18×5 = 9×10. So, 90. I did 20×5, which is 100. Then I took away 2×5, which is 10. So, 100 –10 = 90. 74 Reprint 2026-27 CChhaapptteerr--66 TThhee DDaaiirryy FFaarrmm..iinndddd 7744 0044--0077--22002255 1111::5577::2266",4,Math,M402
C101,Doubling and Halving Butter packets are arranged in the following ways. Let us find some strategies to calculate the total number of packets. a) 3 × 18 DDoouubbllee HHaallff DDiissccuussss wwhhyy 6 × 9 = 54 tthheessee aarree tthhee ssaammee.. b) 22 × 5 __ × __ = ____ c) Solve the following problems like the previous ones. 14 × 3 = 38 × 5 = Half Double Half Double × × 16 × 4 = 35 × 14 = × × 75 Reprint 2026-27 CChhaapptteerr--66 TThhee DDaaiirryy FFaarrmm..iinndddd 7755 77//22//22002255 33::3344::4411 PPMM,4,Math,M402
C102,This halving and doubling strategy works well when we have to multiply with numbers like 5 and 25. Discuss why? (d) Find the product by halving and doubling either the multiplier or the multiplicand. 1) 5 × 18 2) 50 × 28 3) 15 × 22 4) 25 × 12 5) 12 × 45 6) 16 × 45 (e) Give 5 examples of multiplication problems where halving and doubling will help in finding the product easily. Find the products as well. Nearest Multiple (a) 4 × 19 OObbsseerrvvee tthhee ppiiccttuurree aanndd ffiinndd wwhhyy wwee nneeeedd ttoo ssuubbttrraacctt 44 4 × 19 = 4 × 20 – 4 = 80 – 4 = 76 (b) 14 × 21 OObbsseerrvvee tthhee ppiiccttuurree aanndd ffiinndd wwhhyy wwee nneeeedd ttoo aadddd 1144.. 14 × 21 = 14 × 20 + 14 = 280 + 14 = 294 (c) Give 5 examples of problems where you can use the nearest multiple to find the product easily. Find the products as well. (d) Find the products of the following numbers by finding the nearest multiple. 1) 7 × 52 2) 12 × 28 3) 75 × 31 4) 99 × 15 5) 8 × 25 6) 22 × 42 76 Reprint 2026-27 CChhaapptteerr--66 TThhee DDaaiirryy FFaarrmm..iinndddd 7766 77//22//22002255 33::3344::4411 PPMM,4,Math,M402
C103,"Let Us Solve Use strategies flexibly to answer the following questions. Discuss your thoughts in class. 1. A school has an auditorium with 35 rows, with 42 seats in each row. How many people can sit in this auditorium? 2. Priya jogs 4 kilometres every day. How many kilometers will she jog in 31 days? 3. A school has received 36 boxes of books with 48 books in each box. How many total books did the school receive in the boxes? 4. Priya uses 16 metres of cloth to make 4 kurtas. How much cloth would she need to make 8 kurtas? 5. Gollappa has 29 cows on his farm. Each cow produces 5 litres of milk per day. How many litres of milk do the cow produce in total, each day? 6. Maska Cow Farm has 297 cows. Each cow requires 18 kg of fodder per day. How much total fodder is needed to feed 297 cows every day? Waste and Composting 1. A family of 4 produces around 35 kg of kitchen waste in a month. How much waste will the family produce in a year? Quantity of kitchen waste in 1 month is 35 kg. Quantity of kitchen waste in 12 months is 12 × 35 kg. 10 10 10 1 1 1 1 1 10 10 10 1 1 1 1 1 NNiiddaa’’ss ssoolluuttiioonn 10 10 10 1 1 1 1 1 10 10 10 1 1 1 1 1 10 10 10 1 1 1 1 1 × 30 kg 5 kg 10 10 10 1 1 1 1 1 10 300 50 10 10 10 1 1 1 1 1 10 10 10 1 1 1 1 1 2 60 10 10 10 10 1 1 1 1 1 10 10 10 1 1 1 1 1 360 60 10 10 10 1 1 1 1 1 420 10 10 10 1 1 1 1 1 77 Reprint 2026-27 CChhaapptteerr--66 TThhee DDaaiirryy FFaarrmm..iinndddd 7777 77//22//22002255 33::3344::4422 PPMM",4,Math,M402
C104,"Kanti and John tried to solve it in the following ways. JJoohhnn’’ss ssoolluuttiioonn 35 ( 30 + 5 ) 35 ( 30 + 5 ) × 12 ( 10 + 2 ) × 12 ( 10 + 2 ) ----------------------------------------------- KKaannttii’’ss ssoolluuttiioonn ------------------------- 60 + 10 = 70 (2 × 35) 10 ( 2 × 5 ) 300 + 50 = 350 (10 × 35) 60 ( 2 × 30 ) ------------------------------------------------ 50 ( 10 × 5 ) = 420 300 ( 10 × 30 ) ------------ The family produces _____ kg of waste in 420 a year. How are these solutions same or different? Discuss in class. 2. The family regularly composts the collected waste. They get around 150 kg of compost each year, which they use in their garden. 1 kg of compost is often sold in the market at ₹24. By creating their own compost, how much money have they saved in a year? Savings on 1 kg compost is ₹24. Savings on 150 kg will be ₹24 × 150. 150 (100 + 50) × 100 50 × 24 (20 + 4) ------------------------- 20 2,000 1,000 200 (4 × 50) 400 (4 × 100) 4 400 200 1,000 (20 × 50) 2,000 (20 × 100) 2,400 1200 ------------------------------- 3,600 3,600 Another way: 150 (100 + 50) The family saves ₹3,600. × 24 (20 + 4) ------------------------------------------------------------------ 400 + 200 + 0 = 600 (4 × 150) 2,000 + 1,000 + 0 = 3,000 (20 × 150) ------------------------------------------------------------------- = 3,600 Note for Teachers: Help the learners see the similarities and differences between the solutions. Let them discuss and identify the more efficient solution. Draw the similarities between the steps, especially highlighting the place values of the digits, and multiplication by 10s and 100s in each step. 78 Reprint 2026-27 CChhaapptteerr--66 TThhee DDaaiirryy FFaarrmm..iinndddd 7788 77//22//22002255 33::3344::4422 PPMM",4,Math,M402
C105,"Let Us Multiply (a) 32 × 8 32 (30 + 2) × 30 2 × 8 32 (30 + 2) ------------------------- × 8 8 ________ (8 × 2) ------------------------- 0 (8 × 30) ______ 0 + 16 = 256 -------------------------- 256 (b) 69 × 45 69 (60 + 9) × 60 9 × 45 (40 + 5) 69 (60 + 9) ------------------------- 40 × 45 (40 + 5) 45 (5 × 9) ----------------------------------------------- ______ 0 (5 × 60) 300 + ____ = 345 (5 × 69) 5 ______ 0 (40 × 9) ________ + ______ = 2760 (40 × 69) ---------------------------------- 00 (40 × 60) 2700 405 = 3,105 -------------------------- 3,105 3105 Let Us Do 1. Solve the following problems like Nida did. a) 78 × 4 b) 83 × 9 × × c) 67 × 28 d) 53 × 37 × × 79 Reprint 2026-27 CChhaapptteerr--66 TThhee DDaaiirryy FFaarrmm..iinndddd 7799 77//22//22002255 33::3344::4422 PPMM",4,Math,M402
C106,"2. Solve the following problems like Kanti. a) 94 × 5 b) 49 × 6 c) 37 × 53 d) 28 × 79 3. Solve the following problems like John. a) 86 × 3 b) 72 × 7 c) 94 × 36 d) 66 × 22 4. Solve the following problems: (a) A movie theater has 8 rows of seats, and each row has 12 seats. If half the seats are filled, how many people are watching the movie? If 3 more rows get filled, how many total people will be there? (b) In a test match between India and West Indies, the Indian team hit twenty-four 4s and eighteen 6s across the two innings. How many runs were scored in 4s and 6s each? 234 runs were made by running between the wickets. If 23 runs were extras, how many runs were scored by Indian team in the two innings? (c) Anjali buys 15 bulbs and 12 tube lights from Sudha Electricals. Each bulb costs ₹25 and each tube light costs ₹34. How much money should Anjali give to the shopkeeper? (d) A shopkeeper sold 28 bags of rice. Each bag costs ₹350. How much money did he earn by selling rice bags? (e) A school library has 86 shelves and each shelf has 162 books. Find the number of books in the library. 80 Reprint 2026-27 CChhaapptteerr--66 TThhee DDaaiirryy FFaarrmm..iinndddd 8800 77//22//22002255 33::3344::4422 PPMM",4,Math,M402
C107,"Dairy Cooperative 1. A dairy cooperative in a small town gets its milk from 268 villagers. Each villager has at least 4 milk-giving cows. What is the minimum number of cows the dairy cooperative gets its milk from? 1 villager has at least 4 milk-giving cows. 268 villagers will have at least 268 × 4 cows. 268 (200 + 60 + 8) Remember! × 4 4 × 6 Tens = 24 Tens = 240 ----------------------------------- 4 × 2 Hundreds = 8 Hundreds = 800 800 + 240 + 32 = 1,072 3300 iiss aaddddeedd ttoo 44 ×× 6600 == 224400 220000 iiss aaddddeedd ttoo 44××220000 == 880000 3300 ffrroomm 3322 iiss aaddddeedd ttoo 44××6600,, nnoott ttoo 6600 Mili says her father Th H T O has taught her to use 2 3 place values of digits to multiply large numbers. 2 6 8 220000 ffrroomm 227700 iiss aaddddeedd ttoo × 4 44××220000,, nnoott ttoo 220000 1 0 2 7 3 2 DDiissccuussss hhooww tthhiiss mmuullttiipplliiccaattiioonn iiss bbeeiinngg ccaarrrriieedd oouutt!! The dairy cooperative gets milk from a minimum of 1,072 cows. Many women dairy entreprenuers are playing significant role in the dairy sector. Jamanaben Maganbhai Naku of village Tuked in Surat possesses 27 Gir cows and rears the cows through Low-cost Farm Investment. Note for Teachers: The algorithm for multiplication is challenging for learners to understand. While learners should surely be able to multiply large numbers using the ways they have learnt till now, this last step (Mili’s father’s method) need not be over-emphasised. Please support them if your students are ready for this. Otherwise, it is perfectly fine if learners can carry out multiplication of large numbers using John’s methods. 81 Reprint 2026-27 CChhaapptteerr--66 TThhee DDaaiirryy FFaarrmm..iinndddd 8811 77//22//22002255 33::3344::4422 PPMM",4,Math,M402
C108,"2. The villagers rear various breeds of cows. Gir is an Indian cow breed from Gujarat, with a high milk-producing capacity. Among the villagers, there are 453 Gir cows. Each of these cows give 13 litres of milk each day. How many litres of milk does the dairy cooperative receive from Gir cows everyday? One Gir cow produces 13 litres of milk. 453 Gir cows will produce, 453 × 13 litres of milk. 110000 iiss aaddddeedd ttoo 33 ×× 440000 == 11220000 453 (400 + 50 + 3) × 13 (10 + 3) --------------------------------- 1200 + 150 + 9 = 1359 (3 × 453) 3 × 5 T = 15 T = 150 4000 + 500 + 30 = 4530 (10 × 453) 3 × 4 H = 12 H = 1,200 ----------------------------------------------- = 5889 Th H T O 1 4 5 3 TThhee 110000 ffrroomm 115500 iiss aaddddeedd ttoo 33××440000 == 11220000,, nnoott ttoo 440000 × 1 3 11 TTeenn ×× 445533 == 445533 TTeennss == 44553300 1 3 1 5 9 Mili’s father’s method + 4 5 3 0 5 8 8 9 The dairy cooperative receives 5,889 litres of milk from Gir cows every day. Note for Teachers: The learners’ attention needs to be drawn continuously to the place values of numbers and their products. Draw similarities with the steps between the different methods. Remind them to put appropriate zeros when multiplying by 10s and 100s. 82 Reprint 2026-27 CChhaapptteerr--66 TThhee DDaaiirryy FFaarrmm..iinndddd 8822 77//22//22002255 33::3344::4422 PPMM",4,Math,M402
C109,"3. The dairy cooperative sells 1 kg cow ghee for ₹574. The cooperative is able to produce around 125 kg of ghee in a month. How much do they earn by selling ghee in a month? DDiissccuussss wwhhaatt tthhee ssaammee ccoolloouurreedd ddiiggiittss mmiigghhtt mmeeaann.. 574 (500 + 70 + 4) × 125 (100 + 20 + 5) ----------------------------------------------------------------- 2,500 + 350 + 20 = 2,870 (5 × 574) 10,000 + 1,400 + 80 = 11,480 (20 × 574) 50,000 + 7,000 + 400 = 57,400 (100 × 574) ---------------------------------------------------------------------- = 71,750 T Th Th H T O 1 3 2 5 7 4 × 1 2 5 22 TTeennss ×× 557744 == 22 ×× 33,,774400 2 2 8 3 7 2 0 1 1 1 1 4 8 0 + 5 7 4 0 0 7 1 7 5 0 11 HHuunnddrreedd ×× 557744 == 557744 HHuunnddrreeddss == 5577,,440000 The cooperative earns ₹ 71,750 from the sale of cow ghee. Let Us Solve 1. Solve the following problems like Nida. a) 548 × 6 b) 682 × 3 c) 324 × 18 d) 507 × 23 e) 190 × 65 83 Reprint 2026-27 CChhaapptteerr--66 TThhee DDaaiirryy FFaarrmm..iinndddd 8833 77//22//22002255 33::3344::4422 PPMM",4,Math,M402
C110,2. Solve the following problems like John. a) 123 × 84 b) 368 × 32 c) 159 × 324 d) 239 × 401 e) 592 × 5 f) 101 × 22 3. Let us solve a few questions like Mili’s father. Th H T O Th H T O 8 0 6 3 × 9 4 5 5 × 2 6 3 T Th Th H T O 1 4 3 × 2 0 8 3 2 + 0 0 Now use Mili’s father’s method to solve the following questions. (a) 807 × 5 (d) 450 × 38 (g) 604 × 54 (b) 143 × 28 (e) 584 × 23 (h) 112 × 23 (c) 309 × 9 (f) 302 × 13 (i) 237 × 19 84 Reprint 2026-27 CChhaapptteerr--66 TThhee DDaaiirryy FFaarrmm..iinndddd 8844 77//22//22002255 33::3344::4433 PPMM,4,Math,M402
C111,"Check, Check! Check if the following children’s solutions are correct. If correct, explain why the solution is correct. If it is incorrect, then identify the error and correct the solution. a) Asma’s solution b) Pankaj’s solution for 46 × 59 for 203 × 54 46 203 × 59 × 54 --------------- ------------------- 2,000 80 + 12 = 92 300 100 + 15 = 115 ---------------------------- 360 = 135 54 -------------- 2,714 c) Lado’s solution d) Kira’s solution for 38 × 150 for 193 × 272 38 193 × 150 × 272 ----------------------- ----------------------------- 1,500 + 400 = 1,900 200 + 180 + 6 = 386 3,000 + 800 = 3,800 700 + 630 + 21 = 1,351 ----------------------------------- 20,000 + 18,000 + 600 = 38,600 = 5,700 ---------------------------------------------------------- = 40,337 e) Asher’s solution T Th Th H T O 1 1 1 6 2 6 × 3 2 3 1 8 7 1 8 1 2 5 1 2 + 1 8 7 1 8 5 0 1 8 85 Reprint 2026-27 CChhaapptteerr--66 TThhee DDaaiirryy FFaarrmm..iinndddd 8855 77//22//22002255 33::3344::4433 PPMM",4,Math,M402
C112,"Let Us Do 1. Identify the problems that have the same answer as the one given at the top of each box. Do not calculate. 12 × 17 26 × 11 11 × 18 6 × 34 26 × 10 and 26 × 1 20 × 11 and 6 × 11 18 × 4 55 × 9 9 × 8 20 × 4 – 8 50 × 9 and 5 × 9 54 × 10 55 × 10 – 55 101 × 42 247 × 8 100 × 42 and 100 100 × 42 and 42 250 × 8 – 24 247 × 10 – 247 1001 × 5 1999 × 2 1,000 × 6 1,000 × 5 and 5 2,000 × 2 – 4 2,000 × 2 – 2 2. Find easy ways of solving these problems. (a) 16 × 25 (b) 12 × 125 (c) 24 × 250 (d) 36 × 25 (e) 28 × 75 (f) 300 × 15 (g) 50 × 78 (h) 199 × 63 (i) 128 × 35 3. Write 5 other examples for which you can find easy ways of getting products. 86 Reprint 2026-27 CChhaapptteerr--66 TThhee DDaaiirryy FFaarrmm..iinndddd 8866 77//22//22002255 33::3344::4433 PPMM",4,Math,M402
C113,"4. Find the answers to the following questions based on the given information. (a) 17 × 23 = 391 (b) 17 × 24 = _______ (c) 17 × 22 = _______ (d) 16 × 23 = _______ (e) 8 × 9 = 72 (f) 18 × 9 = _______ (g) 28 × 9 = _______ (h) 108 × 9 = _______ (i) 18 × 23 = _______ 23 24 17 17 To find 17 × 24, how much is to 23 be added to 17 × 23 — 17 or 23? To find 18 × 23, how much is to 18 be added to 17 × 23 — 17 or 23? Let Us Think 1. Find the possible values of the coloured boxes in each of the following problems. The same colour indicates the same number in a problem. Some problems can have more than one answer. a) b) c) × 3 × 3 × 3 ---------------------- ----------------------------------- -------------------------------------------- 87 Reprint 2026-27 CChhaapptteerr--66 TThhee DDaaiirryy FFaarrmm..iinndddd 8877 77//22//22002255 33::3344::4433 PPMM",4,Math,M402
C114,"d) e) f) × 5 × 5 × 5 ---------------------- ----------------------------------- -------------------------------------------- 1 0 0 1 0 g) h) i) × 9 × × ----------------------------------- ----------------------------------- ----------------------------------- 5, 9 9 9 2, 0 0 0 2. Estimate the products on the left and match them to the numbers given on the right. 25 × 31 2,600 DDiissccuussss hhooww yyoouu eessttiimmaatteedd.. 132 × 19 12,500 101 × 11 300 248 × 49 750 12 × 25 1,000 The King’s Reward One day, a king decided to reward three of his most talented ministers. The king called them to his court and said, “You all have served my empire with great dedication. As a reward, I give you three choices of gold. 88 Reprint 2026-27 CChhaapptteerr--66 TThhee DDaaiirryy FFaarrmm..iinndddd 8888 77//22//22002255 33::3344::4433 PPMM",4,Math,M402
C115,"Choose wisely! Choice 1: Take 5 gold coins and double the number of coins every day for 7 days. Choice 2: Take 3 gold coins and triple the number of coins every day for 7 days. Choice 3: Take 1 gold coin and multiply the number of coins by 5 every day for 7 days. Minister 1 — I will take 5 gold coins and double the number of coins every day for 7 days. Minister 2 — I will take 3 gold coins and triple the number of coins every day for 7 days. Minister 3 — I will take 1 gold coin and multiply the number of coins by 5 every day for 7 days. The King gave 5 coins to Minister 1, 3 coins to Minister 2 and 1 coin to Minister 3. Which of the rewards would you have chosen? After a week, the 3 ministers were surprised at the final amount of gold coins. Guess who received the most gold coins? Calculate how much gold coins each minister received. Multiplication Patterns 1. Notice how the multiplier, multiplicand, and products are changing in each of the following. What is the relationship of the new product with the original product? Solve a) completely, and then predict the answers for the rest. a) 16 × 44 = 704 1) 8 × 88 = 704 2) 8 × 22 = 176 3) 16 × 22 = ______ 4) 32 × 44 = ______ b) 12 × 32 = 384 1) 6 × 16 = ______ 2) 24 × 16 = ______ 3) 24 × 64 = ______ 4) 12 × 16 = ______ 89 Reprint 2026-27 CChhaapptteerr--66 TThhee DDaaiirryy FFaarrmm..iinndddd 8899 77//22//22002255 33::3344::4444 PPMM",4,Math,M402
C116,"2. Observe and complete the given patterns 5 × 5 = 25 55 ×× 55 == 2255 1 × 1 = 1 22 ×× 11 == 22 15 × 15 = 225 11 × 11 = 121 25 × 25 = 625 55 ×× 55 == 2255 111 × 111 = 12,321 33 ×× 22 == 66 35 × 35 = 1,225 1111 × 1111 =________ 45 × 45 = ________ 55 × 55 = ________ HH TT OO 11××11 11++22 11××22 11 × 12 = 132 11 × 34 = 374 HH TT OO 1 × 9 + 1 = 10 11××33 33++44 11××44 11 × 56 = 616 12 × 9 + 2 = 110 11 × 78 = 858 123 × 9 + 3 = 1,110 11 × 54 = ________ 1,234 × 9 + 4 = ________ 11 × 82 = ________ Here are some numbers. Remember number pairs from Grade 4? Any two adjacent numbers in a row or a column are number pairs. Can you identify the pair whose product is the smallest and another pair whose product is the largest? Do you need to find every product or can you find this by looking at the numbers? 8 35 75 32 62 13 66 11 14 90 Reprint 2026-27 CChhaapptteerr--66 TThhee DDaaiirryy FFaarrmm..iinndddd 9900 77//22//22002255 33::3344::4444 PPMM",4,Math,M402
C117,"Let Us Solve 1. Mala went to a book exhibition and bought 18 books. The shop was selling 3 books for ₹150. After buying the books, she still had ₹20 left. How much money did Mala have at the beginning? 2. A village sports club organises a women’s football tournament. The club earned money by selling match tickets and charging fees for team participation. They sold 57 tickets for ₹115 each. They had 3 teams joining the tournament, with each team paying a participation fee of ₹1,599. The teams paid ₹1,750 in total to rent the football ground and ₹1,129 for food and water. (a) How much money did the club collect in total from ticket sales and team participation fees? (b) What were the total expenses on renting the ground and food and water? 3. Ananya is watching Republic Day celebrations on the city’s public ground. There are 12 rows of students sitting in front of her and 17 rows behind her. There are 18 students to her right and 22 students to her left. (a) How many rows of students are there in total? (b) How many students are there in Ananya’s row? (c) What is the total number of students on the ground? 4. Multiply. (a) 67 × 78 (b) 34 × 56 (c) 45 × 263 (d) 86 × 542 (e) 432 × 107 (f) 310 × 120 5. If 67 × 67 = 4489, without multiplication find 67 × 68. 6. If 99 × 100 = 9900, without multiplication find 99 × 99. 91 Reprint 2026-27 CChhaapptteerr--66 TThhee DDaaiirryy FFaarrmm..iinndddd 9911 0044--0077--22002255 1111::5577::3366",4,Math,M402
C118,"Chapter MMeeaassuurriinngg LLeennggtthh 6 Let Us Observe 1. Look at the picture. What are the students measuring? Put a tick mark () if you find it being measured. a) Length c) Weight e) Breadth b) Height d) Depth f) Temperature 2. What is being used to measure the height? What other tools can be used to measure height? 3. Recall in Grade 3 you studied that lengths are measured in metres. Check and fill in the blanks whether the following are correct/incorrect for your classroom. a) The height of most of the students in my grade is more than a metre. _______________ b) The length of my arm is less than a metre. _______________ c) The height of the door of the grade is less than a metre. __________ d) The breadth of the blackboard is more than a metre.___________ Note for Teachers: The words tall, wide, short and long are used in daily life. Discuss with students that height, width, depth, breadth all refer to length measurement. These words are used depending on different situations and orientation. At this point students only need to understand that all these words denote length. Reprint 2026-27 CChhaapptteerr 66..iinndddd 8800 33//2255//22002255 1111::5577::1166 AAMM",3,Math,M312
C119,"Measuring is Fun Remember we made, 1 metre (m), half metre ( 1 m), and 2 1 quarter metre ( m) ropes. Let us make them again. 4 1 m 1 m 1 m 2 2 1 m 1 m 1 m 1 m 4 4 4 4 1 1 1 1 1 1 Do you notice 1 m = m + m and 1 m = m + + m + m 2 2 4 4 4 4 1 1 1 and m = m + m. 2 4 4 Let Us Do Use your ropes to carry out the following activities. You can use a combination of ropes, if needed. 1. Walk, Jump, and Crawl on 1, 5 and 10 m line Draw lines of 1 m, 5 m, and 10 m on the floor of the classroom or outside in the playground. How will you make these lines? Think and share with your friends. Walk, jump, and crawl on the lines. Note for Teachers: Making the lines by repeatedly using metre rope and walking, jumping and crawling on the lines will help students develop an estimate of how big 5 m and 10 m is. They will be able to use this experience to estimate and compare other lengths in their surroundings. 81 Reprint 2026-27 CChhaapptteerr 66..iinndddd 8811 33//2255//22002255 1111::5577::1177 AAMM",3,Math,M312
C120,2. Long Jump Each child can participate in a long jump competition. How far have your friends jumped? Measure as accurately as possible using a combination of ropes. Who jumped the longest distance? Fill the following table. Who has jumped the shortest? Name of the Actual Estimated length of the jump student measurement Less than 1 m 1 m More than 1 m 3. Estimate how long and broad is your classroom. Measure and check. Note for Teachers: Allow children to measure 100 m using their footstpes and note how many footsteps fit in 100 m. This can be used for further estimations. 82 Reprint 2026-27 CChhaapptteerr 66..iinndddd 8822 0033--0044--22002255 44..5599..0011 PPMM,3,Math,M312
C121,"Let Us Think: Guess the Length Length about 30 metres I can’t clean my neck! 3 m Length about 6 metres 4 m Look at the pictures carefully and answer the questions. 1. What is the length of one bus in metres? What is the length of one cricket bat in metres? 2. How many buses would be equal to the length of two blue whales? 3. How many cricket bats will be needed to measure one whale? 4. If two ostriches stand one above another, their height will be equal to the height of ______________. 5. How many crocodiles will be equal to the length of a blue whale? 83 Reprint 2026-27 CChhaapptteerr 66..iinndddd 8833 33//2255//22002255 1111::5577::1188 AAMM",3,Math,M312
C122,"MMeeaassuurriinngg SSmmaallll TThhiinnggss Can you think how to measure a small thing like an eraser or a rice grain? 1 cm We need a smaller unit to measure such small items. Observe a standard metre scale. You can see the scale is divided into 100 equal parts. The length of each one of these parts has a special name called Centimetre (cm). Let Us Observe Chutki wants to keep track of the increase in height of her plant. Compare the metre rope with the measuring tape used by a tailor. Is the length of both the same or different? Observe the measuring tape carefully. What do you notice? 0 1 2 3 4 5 6 7 8 9 10 This is one centimetre. 1 cm 1 cm Discuss how these marks help us measure clearly. The length of each red 0 1 2 3 4 5 6 7 8 9 10 bar is 1 cm. The red bar is repeated 10 times to make 10 cm. When we repeat the length of the red bar 100 times, we will get 1 metre scale/tape. 1 metre (m) = 100 centimetre (cm) 1 m = _____ cm, 1 m = _____ cm 2 4 Now use the measuring tape/scale to see how tall your plants grow every week. 84 Reprint 2026-27 CChhaapptteerr 66..iinndddd 8844 33//2255//22002255 1111::5577::1199 AAMM",3,Math,M312
C123,Let Us Do 1. Measure each object using a scale. —— —— — cm —— —— — cm —— —— — cm —— —— — cm Write the names of the objects in increasing order of length. 85 Reprint 2026-27 CChhaapptteerr 66..iinndddd 8855 33//2255//22002255 1111::5577::1199 AAMM,3,Math,M312
C124,"2. Estimate the lengths of the following and compare your responses with your friends, in the grade. Write some examples of things that can be lesser than or equal to 1 cm in length. Verify by measuring. Length of Equal to More than Less than Actual items 1 cm 1 cm 1 cm measurement A fingernail An eraser An ant A grain of wheat A rajma seed 3. Take three toy cars and find out how far each one can go. You can use a small wooden ramp, or you might like to make a ramp using any material that you have. Measure the distance each of your cars travels using measuring tape and write the answers in cm. Car Distance from the ramp Rank Car 1 _______ cm Car 2 _______ cm Car 3 _______ cm Note for Teachers: Get a one metre measuring scale or measuring tape for the students to observe. Make students observe the marks and the numbers written on the tape. Discuss what 100 denotes on the tape. Students often assume it is the number of marks on the tape. Highlight that the distance between two marks is one centimetre (1 cm) and one metre is divided into 100 such 1 cm distances. After students have made such observations, children can use the measuring tape/scale to measure small lengths. 86 Reprint 2026-27 CChhaapptteerr 66..iinndddd 8866 1122--MMaarr--2266 22::5544::3344 PPMM",3,Math,M312
C125,4. Find the longest and the shortest route in this treasure hunt. You can go around the obstacles but cannot jump over them. You can only walk on the yellow tiles and not on the grass. Can you find the length of your route in centimetres? Look for the 1 cm clue in the map. 11ccmm 11ccmm 87 87 Reprint 2026-27 CChhaapptteerr 66..iinndddd 8877 33//2255//22002255 1111::5577::2211 AAMM,3,Math,M312
C126,6. Use your hand to estimate the measurement of any object. Convert into centimetres. Verify using the scale. 88 01 9 8 7 6 5 4 3 2 1 0 5. Trace your hand on a piece of paper. Measure it using the scale. Length of my hand = ________ cm Number of Estimate using Actual measure Object hands hand using the cm scale 1. Length of my _______ cm _______ cm textbook 2. Height of my _______ cm _______ cm chair 3. Width of my desk _______ cm _______ cm 4. Height of a _______ cm _______ cm flowerpot 7. Ashwin’s scale is broken. Can you help him to measure using this scale? ________ cm ________ cm Reprint 2026-27 CChhaapptteerr 66..iinndddd 8888 33//2255//22002255 1111::5577::2222 AAMM,3,Math,M312
C127,8. Fill the blanks on the number line below appropriately. 00ccmm 1100ccmm 2200ccmm 3300ccmm 4400ccmm ccmm 6600ccmm 7700ccmm 8800ccmm 9900ccmm 110000ccmm 2255ccmm ccmm 33 mm mm 00mm 11 mm 44 11mm 22 9. The length of a board is 2 metres. Sonu has a decorative border sticker which is 20 cm long. How many such stickers are needed to cover the length of the board completely? 2200ccmm 00mm 11mm 22mm MMeettrree aanndd CCeennttiimmeettrreess Ramu and Shamu are using a measuring tape to measure their own height. Ramu reads his height from the tape as 120 cm and Shamu reads it as 1 m 20 cm. Who is correct? Pinki says both are correct and draws this. 100 cm 20 cm 1m 20 cm 89 Reprint 2026-27 CChhaapptteerr 66..iinndddd 8899 0033--0044--22002255 44..5599..2233 PPMM,3,Math,M312
C128,Let Us Do 1. The Village Sarpanch got the depth of some wells in his village measured by two different people. a) Fill the blanks such that the depths are the same. i) 2 m = 200 cm ii) __ m = 400 cm iii) 6 m = ____cm iv) __ m = 800m b) Identify the wells with the same depth and match them. 1 m 40 cm 550 cm 4 m 60 cm 140 cm 2 m 30 cm 460 cm 5 m 50 cm 230 cm Let Us Explore Activity: Students will measure their height using a measuring tape. Make a table in your notebook and complete it. Name of the Student Height in cm Height in m 90 Reprint 2026-27 CChhaapptteerr 66..iinndddd 9900 33//2255//22002255 1111::5577::2222 AAMM,4,Math,M412
C129,"Answer the following questions. 1. Height of the tallest child is _____. 2. Height of the shortest child is _____. 3. Number of children who are more than 1 m tall _____. 4. Number of children who are shorter than 1 m _____. The length of the Fencing and Lacing boundary of an object or shape is called Bhola is making a boundary with bricks for his perimeter. vegetable garden. Colour the bricks on the boundary. How many bricks will he need to make the boundary? Note for Teachers: Help children understand that perimeter is the length of the boundary of a closed figure that can be measured using various non-formal units, such as footsteps, thumbprints, and block printing. Such measures are generally approximate but measuring using formal units with a scale or measuring tape would be more accurate. 91 Reprint 2026-27 CChhaapptteerr 66..iinndddd 9911 1122--MMaarr--2266 22::5533::1100 PPMM",4,Math,M412
C130,Let Us Do 1. Bhola made the boundary of his gardens in the following ways. Circle the boundary that is longest. 2. Let us find the perimeter of some shapes using the dot grid. One is done for you. 11 ccmm 11 ccmm 11 ccmm 11 ccmm 11 ccmm 1100 ccmm 11 ccmm 11 ccmm 11 ccmm 11 ccmm 11 ccmm a) Colour the boundary with the longest length in blue. b) Colour the boundary with the shortest length in green. c) Tick the shapes with the same length. Note for Teachers: Help children see the perimeter as length or distance around a shape. Let them understand how dot grids of 1 cm help measure perimeter. 92 Reprint 2026-27 CChhaapptteerr 66..iinndddd 9922 1122--MMaarr--2266 22::5533::4433 PPMM,4,Math,M412
C131,3. Do any of the following shapes have the same perimeter? Tick them. A) B) C) 11 ccmm D) E) F) 4. Tick the garden with the minimum perimeter. 93 Reprint 2026-27 CChhaapptteerr 66..iinndddd 9933 33//2255//22002255 1111::5577::2233 AAMM,4,Math,M412
C132,5. Estimate and measure the perimeters of shapes around you using a scale and write them in the space given below. Estimated perimeter in Actual measure in S. No. Object cm/m cm/m 1. Desk 2. Blackboard 3. Classroom floor 4. 5. 6. 6. Draw three different shapes with perimeter of 20 cm. 11 ccmm 94 Reprint 2026-27 CChhaapptteerr 66..iinndddd 9944 33//2255//22002255 1111::5577::2244 AAMM,4,Math,M412
